id,equipamento_id,data_movimentacao,origem_local,origem_unidade,destino_local,destino_unidade,tipo_movimento,responsavel,observacoes,contador_mono_anterior,contador_mono_novo,contador_color_anterior,contador_color_novo
1018,512,DATA,LOCAL COLETA,,LOCAL ATUAL,,transferencia,,MOVIMENTO,,,,
1019,513,2026-06-14,R10,,CAT,,retorno_manutencao,,Retorno de manutenção,,,,
1020,514,2026-06-14,R10,,CAT,,retorno_manutencao,,Retorno de manutenção,,,,
1021,515,2026-06-14,,,CAT,,transferencia,,,,,,
1022,516,2026-06-14,,,CAT,,transferencia,,,,,,
1023,516,2026-06-15,CAT,,Ama Joamar,,saida_cliente,,Envio para cliente,,,,
1024,517,2026-06-15,,,CAT,,transferencia,,,,,,
1025,518,2026-06-15,,,CAT,,transferencia,,,,,,
1026,519,2026-06-15,,,CAT,,transferencia,,,,,,
1027,520,2026-06-15,,,CAT,,transferencia,,,,,,
1028,521,2026-06-15,,,CAT,,transferencia,,,,,,
1029,522,2026-06-15,,,CAT,,transferencia,,,,,,
1030,523,2026-06-15,,,CAT,,transferencia,,,,,,
1031,524,2026-06-15,,,CAT,,transferencia,,,,,,
1032,525,2026-06-15,,,CAT,,transferencia,,,,,,
1033,526,2026-06-15,,,CAT,,transferencia,,,,,,
1034,527,2026-06-15,,,CAT,,transferencia,,,,,,
1035,528,2026-06-15,,,CAT,,transferencia,,,,,,
1036,529,2026-06-15,,,CAT,,transferencia,,,,,,
1037,530,2026-06-15,,,CAT,,transferencia,,,,,,
1038,531,2026-06-15,,,CAT,,transferencia,,,,,,
1039,532,2026-06-15,,,CAT,,transferencia,,,,,,
1040,533,2026-06-15,,,CAT,,transferencia,,,,,,
1041,534,2026-06-15,,,CAT,,transferencia,,,,,,
1042,535,2026-06-15,,,CAT,,transferencia,,,,,,
1043,536,2026-06-15,,,CAT,,transferencia,,,,,,
1044,537,2026-06-15,,,CAT,,transferencia,,,,,,
1045,538,2026-06-15,,,CAT,,transferencia,,,,,,
1046,539,2026-06-15,,,CAT,,transferencia,,,,,,
1047,540,2026-06-15,,,CAT,,transferencia,,,,,,
1048,541,2026-06-15,,,CAT,,transferencia,,,,,,
1049,542,2026-06-15,,,CAT,,transferencia,,,,,,
1050,543,2026-06-15,,,CAT,,transferencia,,,,,,
1051,544,2026-06-15,,,CAT,,transferencia,,,,,,
1052,545,2026-06-15,,,CAT,,transferencia,,,,,,
1053,546,2026-06-15,,,CAT,,transferencia,,,,,,
1054,547,2026-06-15,,,CAT,,transferencia,,,,,,
1055,548,2026-06-15,,,CAT,,transferencia,,,,,,
1056,549,2026-06-15,,,CAT,,transferencia,,,,,,
1057,550,2026-06-15,,,CAT,,transferencia,,,,,,
1058,551,2026-06-15,,,CAT,,transferencia,,,,,,
1059,552,2026-06-15,,,CAT,,transferencia,,,,,,
1060,553,2026-06-15,,,CAT,,transferencia,,,,,,
1061,554,2026-06-15,,,CAT,,transferencia,,,,,,
1062,555,2026-06-15,,,CAT,,transferencia,,,,,,
1063,556,2026-06-15,,,CAT,,transferencia,,,,,,
1064,557,2026-06-15,,,CAT,,transferencia,,,,,,
1065,558,2026-06-15,,,CAT,,transferencia,,,,,,
1066,559,2026-06-15,,,CAT,,transferencia,,,,,,
1067,560,2026-06-15,,,CAT,,transferencia,,,,,,
1068,561,2026-06-15,,,CAT,,transferencia,,,,,,
1069,562,2026-06-15,,,CAT,,transferencia,,,,,,
1070,563,2026-06-15,,,CAT,,transferencia,,,,,,
1071,564,2026-06-15,,,CAT,,transferencia,,,,,,
1072,565,2026-06-15,,,CAT,,transferencia,,,,,,
1073,566,2026-06-15,,,CAT,,transferencia,,,,,,
1074,567,2026-06-15,,,CAT,,transferencia,,,,,,
1075,568,2026-06-15,,,CAT,,transferencia,,,,,,
1076,569,2026-06-15,,,CAT,,transferencia,,,,,,
1077,570,2026-06-15,,,CAT,,transferencia,,,,,,
1078,571,2026-06-15,,,CAT,,transferencia,,,,,,
1079,572,2026-06-15,,,CAT,,transferencia,,,,,,
1080,573,2026-06-15,,,CAT,,transferencia,,,,,,
1081,574,2026-06-15,,,CAT,,transferencia,,,,,,
1082,575,2026-06-15,,,CAT,,transferencia,,,,,,
1083,576,2026-06-15,,,CAT,,transferencia,,,,,,
1084,577,2026-06-15,Ama Joamar,,CAT,,retorno_cliente,,Retorno de cliente,,,,
1085,535,2026-06-19,CAT,,P.A Alvorada,,saida_cliente,,Envio para cliente,,,,
1086,578,2026-06-19,P.S Vila Dirce,,CAT,,retorno_cliente,,Retorno de cliente,,,,
1087,513,2026-06-19,CAT,,P.S Vila Dirce,,saida_cliente,,Envio para cliente,,,,
1088,513,2026-06-19,P.S Vila Dirce,,CAT,,retorno_cliente,,Retorno de cliente,,,,
1089,514,2026-06-19,CAT,,P.S Vila Dirce,,saida_cliente,,Envio para cliente,,,,
1090,579,2026-06-19,CAT,,Upa Itu,,saida_cliente,,Envio para cliente,,,,
1091,580,2026-06-19,Upa Itu,,CAT,,retorno_cliente,,Retorno de cliente,,,,
1092,566,2026-06-22,CAT,,O.S Manutenção,,envio_manutencao,,Envio para manutenção,,,,
1093,577,2026-06-22,CAT,,O.S Manutenção,,envio_manutencao,,Envio para manutenção,,,,
1094,565,2026-06-22,CAT,,O.S Manutenção,,envio_manutencao,,Envio para manutenção,,,,
1095,569,2026-06-22,CAT,,O.S Manutenção,,envio_manutencao,,Envio para manutenção,,,,
1096,581,2026-06-22,O.S Manutenção,,Ama Prates,,saida_cliente,,Envio para cliente,,,,
1097,582,2026-06-23,,,CAT,,entrada_estoque,,Entrada equipamento,,,,
1098,583,2026-06-23,O.S Manutenção,,CAT,,retorno_manutencao,,Retorno de manutenção,,,,
1099,584,2026-06-23,Ama Prates,,CAT,,retorno_cliente,,Retorno de cliente,,,,
1100,585,2026-06-23,O.S Manutenção,,CAT,,retorno_manutencao,,Retorno de manutenção,,,,
1101,586,2026-06-23,O.S Manutenção,,CAT,,retorno_manutencao,,Retorno de manutenção,,,,
1102,587,2026-06-23,O.S Manutenção,,CAT,,retorno_manutencao,,Retorno de manutenção,,,,
1103,588,2026-06-23,O.S Manutenção,,CAT,,retorno_manutencao,,Retorno de manutenção,,,,
1104,532,2026-06-26,CAT,,Carreta Itaqua,,saida_cliente,,Envio para cliente,,,,
1105,533,2026-06-26,CAT,,Carreta Itaqua,,saida_cliente,,Envio para cliente,,,,
1106,513,2026-06-26,CAT,,P.S Santana,,saida_cliente,,Envio para cliente,,,,
1107,589,2026-06-26,P.S Santana,,CAT,,retorno_cliente,,Retorno de cliente,,,,
1108,586,2026-06-28,CAT,,CSI 24hrs,,saida_cliente,,Envio para cliente,,,,
1109,589,2026-06-28,CAT,,R10,,envio_manutencao,,Envio para manutenção,,,,
1110,590,2026-06-28,CSI 24hrs,,CAT,,retorno_cliente,,Retorno de cliente,,,,
1111,535,2026-06-29,P.A Alvorada,,Upa Americana,,saida_cliente,,Envio para cliente,,,,
1112,585,2026-06-29,CAT,,P.A Alvorada,,saida_cliente,,Envio para cliente,,,,
1113,591,2026-06-29,Upa de Americana,,CAT,,retorno_cliente,,Retorno de cliente,,,,
1114,524,2026-07-03,CAT,,Hosp Geral de Arraial do Cabo (P),,saida_cliente,,Envio para cliente,,,,
1115,525,2026-07-03,CAT,,Hosp Geral de Arraial do Cabo (B),,saida_cliente,,Envio para cliente,,,,
1116,588,2026-07-03,CAT,,Hosp Geral de Arraial do Cabo (T),,saida_cliente,,Envio para cliente,,,,
1117,583,2026-07-03,CAT,,Hosp Geral de Arraial do Cabo (Rec RX),,saida_cliente,,Envio para cliente,,,,
1118,523,2026-07-04,CAT,,Humana Ibirapuera,,saida_cliente,,Envio para cliente,,,,
1119,592,2026-07-05,Hosp Geral de Arraial do Cabo,,CAT,,retorno_cliente,,Retorno de cliente,,,,
1120,593,2026-07-05,Hosp Geral de Arraial do Cabo,,CAT,,retorno_cliente,,Retorno de cliente,,,,
1121,594,2026-07-07,ADM - Samir,,Ubs Jundiapeba,,saida_cliente,,Envio para cliente,,,,
1122,595,2026-07-07,Ubs Jundiapeba,,CAT,,retorno_cliente,,Retorno de cliente,,,,
1123,596,2026-07-07,R10,,Humana Ibirapuera,,retorno_manutencao,,Retorno de manutenção,,,,
1124,523,2026-07-07,Humana Ibirapuera,,CAT,,retorno_cliente,,Retorno de cliente,,,,
1125,577,2026-07-17,O.S Manutenção,,CAT,,retorno_manutencao,,Retorno de manutenção,,,,
1126,565,2026-07-17,O.S Manutenção,,CAT,,retorno_manutencao,,Retorno de manutenção,,,,
1127,597,2026-07-17,HC Campo Limpo,,CAT,,retorno_cliente,,Retorno de cliente,,,,
1128,587,2026-07-17,CAT,,HC Campo Limpo,,saida_cliente,,Envio para cliente,,,,
1129,595,2026-07-18,CAT,,O.S Manutenção,,envio_manutencao,,Envio para manutenção,,,,
1130,590,2026-07-18,CAT,,O.S Manutenção,,envio_manutencao,,Envio para manutenção,,,,
1131,592,2026-07-18,CAT,,O.S Manutenção,,envio_manutencao,,Envio para manutenção,,,,
1132,593,2026-07-18,CAT,,O.S Manutenção,,envio_manutencao,,Envio para manutenção,,,,
1133,559,2026-07-18,CAT,,O.S Manutenção,,envio_manutencao,,Envio para manutenção,,,,
1134,556,2026-07-18,CAT,,O.S Manutenção,,envio_manutencao,,Envio para manutenção,,,,
1135,545,2026-07-18,CAT,,O.S Manutenção,,envio_manutencao,,Envio para manutenção,,,,
1136,584,2026-07-18,CAT,,O.S Manutenção,,envio_manutencao,,Envio para manutenção,,,,
1137,527,2026-07-19,CAT,,Hosp Ipiranga,,saida_cliente,,Envio para cliente,,,,
1138,598,2026-07-19,Hosp Ipiranga,,CAT,,retorno_cliente,,Retorno de cliente,,,,
1139,577,2026-07-19,CAT,,Policlinica de Bacaxa (P),,saida_cliente,,Envio para cliente,,,,
1140,565,2026-07-19,CAT,,Policlinica de Bacaxa (B),,saida_cliente,,Envio para cliente,,,,
1141,599,2026-07-19,Policlinica de Bacaxa,,CAT,,retorno_cliente,,Retorno de cliente,,,,
1142,600,2026-07-19,Policlinica de Bacaxa,,CAT,,retorno_cliente,,Retorno de cliente,,,,
1143,601,2026-07-19,Policlinica de Bacaxa,,CAT,,retorno_cliente,,Retorno de cliente,,,,
1144,602,2026-07-19,Humana Verbo Divino,,CAT,,retorno_cliente,,Retorno de cliente,,,,
1145,603,2026-07-20,Vera Cruz,,CAT,,retorno_cliente,,Retorno de cliente,,,,
1146,578,2026-07-20,CAT,,Vera Cruz,,saida_cliente,,Envio para cliente,,,,
1147,566,2026-07-25,CAT,,cs24hrs,,saida_cliente,,Envio para cliente,,,,
1148,604,2026-07-25,cs24hrs,,CAT,,retorno_cliente,,Retorno de cliente,,,,
1149,578,2026-07-24,Vera Cruz,,CAT,,retorno_cliente,,Retorno de cliente,,,,
1150,584,2026-08-01,O.S Manutenção,,CAT,,retorno_manutencao,,Retorno de manutenção,,,,
1151,595,2026-08-01,O.S Manutenção,,CAT,,retorno_manutencao,,Retorno de manutenção,,,,
1152,593,2026-08-01,O.S Manutenção,,CAT,,retorno_manutencao,,Retorno de manutenção,,,,
1153,590,2026-08-01,O.S Manutenção,,CAT,,retorno_manutencao,,Retorno de manutenção,,,,
1154,592,2026-08-01,O.S Manutenção,,CAT,,retorno_manutencao,,Retorno de manutenção,,,,
1155,556,2026-08-01,O.S Manutenção,,CAT,,retorno_manutencao,,Retorno de manutenção,,,,
1156,559,2026-08-01,O.S Manutenção,,CAT,,retorno_manutencao,,Retorno de manutenção,,,,
1157,545,2026-08-01,O.S Manutenção,,CAT,,retorno_manutencao,,Retorno de manutenção,,,,
1158,546,2026-08-01,CAT,,HM Cubatão,,saida_cliente,,Envio para cliente,,,,
1159,605,2026-08-01,HM Cubatão,,CAT,,retorno_cliente,,Retorno de cliente,,,,
1160,580,2026-08-02,CAT,,R10,,envio_manutencao,,Envio para manutenção,,,,
1161,536,2026-08-02,CAT,,R10,,envio_manutencao,,Envio para manutenção,,,,
1162,606,2026-08-02,CAT,,R10,,envio_manutencao,,Envio para manutenção,,,,
1163,601,2026-08-02,CAT,,R10,,envio_manutencao,,Envio para manutenção,,,,
1164,543,2026-08-03,CAT,,Mercadão -  Av. Santos drumont  - Loja 3,,saida_cliente,,Envio para cliente,,,,
1165,607,2026-08-03,CAT,,Mercadão - Rua Cypriano Barata - Loja 6,,saida_cliente,,Envio para cliente,,,,
1166,544,2026-08-03,CAT,,Mercadão - Rod. Arivaldo de Almeida - Loja 1,,saida_cliente,,Envio para cliente,,,,
1167,539,2026-08-03,CAT,,Mercadão - Cotia - Loja 2,,saida_cliente,,Envio para cliente,,,,
1168,605,2026-08-05,CAT,,Mercadão - M'Boi Mirim,,saida_cliente,,Envio para cliente,,,,
1169,608,2026-08-07,CAT,,Hosp De Americana,,saida_cliente,,Envio para cliente,,,,
1170,609,2026-08-07,Hosp De Americana,,CAT,,retorno_cliente,,Retorno de cliente,,,,
1171,571,2026-08-11,CAT,,"Mercadão - Av Dr. Roberto de Almeida Vinhas, 8969, Praia Grande - Loja 5",,saida_cliente,,Envio para cliente,,,,
1172,580,2026-08-11,CAT,,"Mercadão - Av Jaime de Castro s/n, Itanhaem, Loja 8",,saida_cliente,,Envio para cliente,,,,
1173,536,2026-08-11,CAT,,"Mercadão - R. Professor Teresinha rodruigues kaliz, Peruibe 881 - loja - 4",,saida_cliente,,Envio para cliente,,,,
1174,610,2026-08-11,CAT,,"Mercadão -  Av. Monteiro Lobato, 5000, Mongagua, Loja 10",,saida_cliente,,Envio para cliente,,,,
1175,611,2026-08-11,P.A Macedônia,,CAT,,retorno_cliente,,Retorno de cliente,,,,
1176,589,2026-08-11,CAT,,P.A Macedônia,,saida_cliente,,Envio para cliente,,,,
1177,559,2026-08-07,CAT,,Escritorio 2,,saida_cliente,,Envio para cliente,,,,
1178,612,2026-08-15,HM Brasilandia,,CAT,,retorno_cliente,,Retorno de cliente,,,,
1179,613,2026-08-15,Hosp Bela Vista,,HM Brasilandia,,saida_cliente,,Envio para cliente,,,,
1180,556,2026-08-14,CAT,,Jundiapeba,,saida_cliente,,Envio para cliente,,,,
1181,614,2026-08-16,Esp Capão,,CAT,,retorno_cliente,,Retorno de cliente,,,,
1182,611,2026-08-16,CAT,,Esp Capão,,saida_cliente,,Envio para cliente,,,,
1183,615,2026-08-21,Ama Esp Sta Cecilia,,CAT,,retorno_cliente,,Retorno de cliente,,,,
1184,616,2026-08-21,Ama Esp Sta Cecilia,,CAT,,retorno_cliente,,Retorno de cliente,,,,
1185,584,2026-08-19,CAT,,Bertioga - 4id (e),,saida_cliente,,Envio para cliente,,,,
1186,617,2026-08-21,CAT,,Hosp Geral de Arraial do Cabo (P),,saida_cliente,,Envio para cliente,,,,
1187,618,2026-08-21,CAT,,Hosp Geral Arraial do Cabo (P),,saida_cliente,,Envio para cliente,,,,
1188,619,2026-08-23,Arraial,,CAT,,retorno_cliente,,Retorno de cliente,,,,
1189,524,2026-08-22,Hosp Geral de Arraial do Cabo,,CAT,,retorno_cliente,,Retorno de cliente,,,,
1190,525,2026-08-22,Hosp Geral de Arraial do Cabo,,CAT,,retorno_cliente,,Retorno de cliente,,,,
1191,620,2026-08-25,Upa Jordanesia,,CAT,,retorno_cliente,,Retorno de cliente,,,,
1192,621,2026-08-30,Mercadão-Pirajussara,,CAT,,retorno_cliente,,Retorno de cliente,,,,
1193,525,2026-08-30,CAT,,Mercadão-Pirajussara,,saida_cliente,,Envio para cliente,,,,
1194,622,2026-08-31,Miracatu,,CAT,,retorno_cliente,,Retorno de cliente,,,,
1195,593,2026-08-30,CAT,,Miracatu,,saida_cliente,,Envio para cliente,,,,
1196,591,2026-09-06,Vera Cruz,,CAT,,retorno_cliente,,Retorno de cliente,,,,
1197,616,2026-09-06,CAT,,Vera Cruz,,saida_cliente,,Envio para cliente,,,,
1198,623,2026-09-05,São Luis,,CAT,,retorno_cliente,,Retorno de cliente,,,,
1199,524,2026-09-05,CAT,,São Luis,,saida_cliente,,Envio para cliente,,,,
1200,595,2026-09-11,CAT,,Samir - Guarulhos - HMU,,saida_cliente,,Envio para cliente,,,,
1201,624,2026-09-11,CAT,,Samir - Guarulhos - HMU,,saida_cliente,,Envio para cliente,,,,
1202,625,2026-09-11,CAT,,Samir - Guarulhos - HMU,,saida_cliente,,Envio para cliente,,,,
1203,599,2026-09-10,CAT,,RD - Hosp da Criança e ado. GRU,,saida_cliente,,Envio para cliente,,,,
1204,620,2026-09-10,CAT,,RD - Hosp da Criança e ado. GRU,,saida_cliente,,Envio para cliente,,,,
1205,545,2026-09-10,CAT,,RD - Hosp da Criança e ado. GRU,,saida_cliente,,Envio para cliente,,,,
1206,619,2026-09-15,CAT,,Hora Certa Cidade Ademar - 4id,,saida_cliente,,Envio para cliente,,,,
1207,600,2026-09-18,CAT,,Miracatu,,saida_cliente,,Envio para cliente,,,,
1208,626,2026-09-20,CAT,,Joamar,,saida_cliente,,Envio para cliente,,,,
1209,516,2026-09-20,Joamar,,CAT,,retorno_cliente,,Retorno de cliente,,,,
1210,601,2026-09-21,CAT,,HM Brasilandia - Samir,,saida_cliente,,Envio para cliente,,,,
1211,601,2026-09-25,HM Brasilandia - Samir,,CAT,,retorno_cliente,,Retorno de cliente,,,,
1212,615,2026-09-25,CAT,,HM Brasilandia - Samir,,saida_cliente,,Envio para cliente,,,,
1213,627,2026-09-26,CAT,,Samir - Guarulhos - HMU,,saida_cliente,,Envio para cliente,,,,
1214,578,2026-09-26,CAT,,R10,,envio_manutencao,,Envio para manutenção,,,,
1215,601,2026-09-26,CAT,,R10,,envio_manutencao,,Envio para manutenção,,,,
1216,591,2026-09-26,CAT,,R10,,envio_manutencao,,Envio para manutenção,,,,
1217,621,2026-09-26,CAT,,R10,,envio_manutencao,,Envio para manutenção,,,,
1218,628,2026-09-27,CAT,,Americana,,saida_cliente,,Envio para cliente,,,,
1219,608,2026-09-27,Americana,,CAT,,retorno_cliente,,Retorno de cliente,,,,
1220,629,2026-10-04,CAT,,RJ - São Gonçalo,,saida_cliente,,Envio para cliente,,,,
1221,630,2026-10-04,CAT,,RJ Saõ Gonçalo,,saida_cliente,,Envio para cliente,,,,
1222,631,2026-09-29,CAT,,Wamberto dias,,saida_cliente,,Envio para cliente,,,,
1223,632,2026-10-04,Wamberto dias,,Hosp da criança e adolescente GRU,,saida_cliente,,Envio para cliente,,,,
1224,620,2026-10-04,Hosp da criança e adolescente GRU,,CAT,,retorno_cliente,,Retorno de cliente,,,,
1225,601,2026-10-09,R10,,CAT,,retorno_manutencao,,Retorno de manutenção,,,,
1226,633,2026-10-09,São gonçalo,,R10,,envio_manutencao,,Envio para manutenção,,,,
1227,634,2026-10-09,,,R10,,envio_manutencao,,Envio para manutenção,,,,
1228,635,2026-10-09,R10,,CAT,,retorno_manutencao,,Retorno de manutenção,,,,
1229,625,2026-10-16,HMU,,Hosp de Francsico Morato,,saida_cliente,,Envio para cliente,,,,
1230,612,2026-10-16,Hosp de Francsico Morato,,CAT,,retorno_cliente,,Retorno de cliente,,,,
1231,608,2026-10-17,CAT,,Mercadão - Registro,,saida_cliente,,Envio para cliente,,,,
1232,636,2026-10-17,Mercadão - Registro,,CAT,,retorno_cliente,,Retorno de cliente,,,,
1233,637,2026-10-19,Atix,,CAT,,retorno_cliente,,Retorno de cliente,,,,
1234,549,2026-10-19,CAT,,Atix,,saida_cliente,,Envio para cliente,,,,
1235,633,2026-10-19,R10,,CAT,,retorno_manutencao,,Retorno de manutenção,,,,
1236,578,2026-10-19,R10,,CAT,,retorno_manutencao,,Retorno de manutenção,,,,
1237,591,2026-10-19,R10,,CAT,,retorno_manutencao,,Retorno de manutenção,,,,
1238,547,2026-10-20,CAT,,Hospital Pimentas,,saida_cliente,,Envio para cliente,,,,
1239,622,2026-10-20,CAT,,Samir - Rondonia,,saida_cliente,,Envio para cliente,,,,
1240,592,2026-10-20,CAT,,Samir - Rondonia,,saida_cliente,,Envio para cliente,,,,
1241,638,2026-10-23,CAT,,Porsche - Matriz,,saida_cliente,,Envio para cliente,,,,
1242,639,2026-10-25,O.S Manutenção,,Biritiba Mirim,,saida_cliente,,Envio para cliente,,,,
1243,640,2026-10-25,Biritiba Mirim,,CAT,,retorno_cliente,,Retorno de cliente,,,,
1244,612,2026-10-25,CAT,,HMU-Samir-Gru,,saida_cliente,,Envio para cliente,,,,
1245,516,2026-10-26,O.S Manutenção,,Saquarema - Samir - (B),,retorno_manutencao,,Retorno de manutenção,,,,
1246,598,2026-10-26,O.S Manutenção,,Saquarema - Samir - (P),,retorno_manutencao,,Retorno de manutenção,,,,
1247,604,2026-10-26,O.S Manutenção,,Hisa,,retorno_manutencao,,Retorno de manutenção,,,,
1248,639,2026-10-30,Biritiba Mirim,,CAT,,retorno_cliente,,Retorno de cliente,,,,
1249,641,2026-10-30,CAT,,Biritiba Mirim,,saida_cliente,,Envio para cliente,,,,
1250,640,2026-10-31,CAT,,HC Campo Limpo,,saida_cliente,,Envio para cliente,,,,
1251,635,2026-10-31,CAT,,Mercadão - Itanhem,,saida_cliente,,Envio para cliente,,,,
1252,580,2026-10-31,Mercadão - Itanhem,,CAT,,retorno_cliente,,Retorno de cliente,,,,
1253,587,2026-10-31,CAT,,Juquitiba,,saida_cliente,,Envio para cliente,,,,
1254,642,2026-10-31,CAT,,Juquitiba,,saida_cliente,,Envio para cliente,,,,
1255,643,2026-11-01,Juquitiba (p),,CAT,,retorno_cliente,,Retorno de cliente,,,,
1256,644,2026-11-01,Juquitiba (b),,CAT,,retorno_cliente,,Retorno de cliente,,,,
1257,645,2026-11-01,CAT,,AES (São Bernado),,saida_cliente,,Envio para cliente,,,,
1258,515,2026-11-06,CAT,,Atix,,saida_cliente,,Envio para cliente,,,,
1259,646,2026-11-07,CAT,,Figueira Grande,,saida_cliente,,Envio para cliente,,,,
1260,647,2026-11-07,Figueira Grande,,CAT,,retorno_cliente,,Retorno de cliente,,,,
1261,639,2026-11-10,CAT,,Hisa,,saida_cliente,,Envio para cliente,,,,
1262,648,2026-11-14,Humana,,CAT,,retorno_cliente,,Retorno de cliente,,,,
1263,649,2026-11-16,CAT - 4id hisa,,o.s Manutenção,,envio_manutencao,,Envio para manutenção,,,,
1264,650,2026-11-16,CAT - 4id hisa,,o.s Manutenção,,envio_manutencao,,Envio para manutenção,,,,
1265,651,2026-11-16,CAT - Bertioga,,o.s Manutenção,,envio_manutencao,,Envio para manutenção,,,,
1266,620,2026-11-16,CAT-RD,,o.s Manutenção,,envio_manutencao,,Envio para manutenção,,,,
1267,652,2026-11-21,CAT,,Samir - Espirito Santo  (BK),,saida_cliente,,Envio para cliente,,,,
1268,653,2026-11-21,CAT,,Samir - Espirito Santo,,saida_cliente,,Envio para cliente,,,,
1269,601,2026-11-21,CAT,,HM Brasilandia - Samir,,saida_cliente,,Envio para cliente,,,,
1270,654,2026-11-22,CAT,,Jacanã,,saida_cliente,,Envio para cliente,,,,
1271,655,2026-11-22,Jacanã,,CAT,,retorno_cliente,,Retorno de cliente,,,,
1272,647,2026-11-24,CAT,,Mercadão - Praia Grande,,saida_cliente,,Envio para cliente,,,,
1273,571,2026-11-24,Mercadão Praia Grande,,CAT,,retorno_cliente,,Retorno de cliente,,,,
1274,623,2026-11-29,CAT,,R10,,envio_manutencao,,Envio para manutenção,,,,
1275,571,2026-11-29,R10,,Mercadão Santos,,saida_cliente,,Envio para cliente,,,,
1276,580,2026-12-05,CAT,,R10,,envio_manutencao,,Envio para manutenção,,,,
1277,607,2026-12-05,Mercadão - Santos,,R10,,envio_manutencao,,Envio para manutenção,,,,
1278,571,2026-12-05,CAT,,Mercadão - Santos,,saida_cliente,,Envio para cliente,,,,
1279,531,2026-12-06,CAT,,Porsche - Florianopolis,,saida_cliente,,Envio para cliente,,,,
1280,529,2026-12-06,CAT,,Porsche - Florianopolis,,saida_cliente,,Envio para cliente,,,,
1281,656,2026-12-06,CAT,,Porsche - Florianopolis,,saida_cliente,,Envio para cliente,,,,
1282,657,2026-12-06,r10,,Mercadão - Pirajussara,,saida_cliente,,Envio para cliente,,,,
1283,658,2026-12-06,Mercadão - Pirajussara,,CAT,,retorno_cliente,,Retorno de cliente,,,,
1284,658,2026-12-07,CAT,,Mercadão - Pirajussara,,saida_cliente,,Envio para cliente,,,,
1285,657,2026-12-07,Mercadão - Pirajussara,,CAT,,retorno_cliente,,Retorno de cliente,,,,
1286,659,2026-12-08,R10,,CAT,,retorno_manutencao,,Retorno de manutenção,,,,
1287,580,2026-12-08,R10,,CAT,,retorno_manutencao,,Retorno de manutenção,,,,
1288,660,2026-12-11,CAT,,AES (São Bernado),,saida_cliente,,Envio para cliente,,,,
1289,584,2026-12-12,CAT,,Jaçanã,,saida_cliente,,Envio para cliente,,,,
1290,623,2026-12-14,CAT,,R10,,envio_manutencao,,Envio para manutenção,,,,
1291,661,2026-12-14,HM Brasilandia - Samir,,R10,,envio_manutencao,,Envio para manutenção,,,,
1292,662,2026-12-19,CAT,,Upa Sta Helena,,saida_cliente,,Envio para cliente,,,,
1293,620,2026-12-19,CAT,,Upa Sta Helena,,saida_cliente,,Envio para cliente,,,,
1294,663,2026-12-19,CAT,,Upa Samarino,,saida_cliente,,Envio para cliente,,,,
1295,664,2026-12-19,CAT,,Upa Samarino,,saida_cliente,,Envio para cliente,,,,
1296,665,2026-12-20,Galpão Samir,,CAT,,retorno_cliente,,Retorno de cliente,,,,
1297,591,2026-12-21,CAT,,Vera Cruz (n),,saida_cliente,,Envio para cliente,,,,
1298,666,2026-12-21,CAT,,RENCH - Estoque,,saida_cliente,,Envio para cliente,,,,
1299,667,2026-12-21,CAT,,RENCH - Estoque,,saida_cliente,,Envio para cliente,,,,
1300,654,2026-12-21,O.S Manutenção,,CAT,,retorno_manutencao,,Retorno de manutenção,,,,
1301,623,2026-12-21,R10,,CAT,,retorno_manutencao,,Retorno de manutenção,,,,
1302,648,2026-12-28,CAT,,Humana,,saida_cliente,,Envio para cliente,,,,
1303,668,2026-12-28,CAT,,Araguaya,,saida_cliente,,Envio para cliente,,,,
1304,669,2026-12-28,CAT,,Porsche MATRIZ,,saida_cliente,,Envio para cliente,,,,
1305,670,2026-12-28,Araguaya,,CAT,,retorno_cliente,,Retorno de cliente,,,,
1306,671,2026-12-28,Araguaya,,CAT,,retorno_cliente,,Retorno de cliente,,,,
1307,672,2026-01-03,Porsche Matriz,,CAT,,retorno_cliente,,Retorno de cliente,,,,
1308,636,2026-01-04,CAT,,Hosp Israelita Albert Sabin - Samir Rj,,saida_cliente,,Envio para cliente,,,,
1309,673,2026-01-04,CAT,,Hosp Israelita Albert Sabin - Samir Rj,,saida_cliente,,Envio para cliente,,,,
1310,674,2026-01-05,CAT,,Campo Limpo Paulista,,saida_cliente,,Envio para cliente,,,,
1311,675,2026-01-05,Campo Limpo Paulista,,CAT,,retorno_cliente,,Retorno de cliente,,,,
1312,580,2026-01-08,CAT,,HM Cubatão,,saida_cliente,,Envio para cliente,,,,
1313,546,2026-01-08,HM Cubatão,,CAT,,retorno_cliente,,Retorno de cliente,,,,
1314,607,2026-12-08,R10,,CAT,,retorno_manutencao,,Retorno de manutenção,,,,
1315,676,2026-01-15,JD Angela,,CAT,,retorno_cliente,,Retorno de cliente,,,,
1316,607,2026-01-15,CAT,,JD Angela,,saida_cliente,,Envio para cliente,,,,
1317,677,2026-01-16,HM Cubatão,,CAT,,retorno_cliente,,Retorno de cliente,,,,
1318,575,2026-01-16,CAT,,HM Cubatão,,saida_cliente,,Envio para cliente,,,,
1319,678,2026-01-19,CAT,,Hosp Nelson Sales US - RJ laudo,,saida_cliente,,Envio para cliente,,,,
1320,679,2026-01-19,CAT,,Hosp Nelson Sales US - RJ Imagem,,saida_cliente,,Envio para cliente,,,,
1321,680,2026-01-24,CAT,,RX de Amparo,,saida_cliente,,Envio para cliente,,,,
1322,681,2026-01-24,RX Amparo,,CAT,,retorno_cliente,,Retorno de cliente,,,,
1323,682,2026-01-27,CAT,,Hosp Materno Infantil - ES (P),,saida_cliente,,Envio para cliente,,,,
1324,683,2026-01-27,CAT,,Hosp Materno Infantil - ES (B),,saida_cliente,,Envio para cliente,,,,
1325,654,2026-01-31,CAT,,Hora Certa Cidade Ademar,,saida_cliente,,Envio para cliente,,,,
1326,619,2026-01-31,Hora Certa Cidade Ademar,,CAT,,retorno_cliente,,Retorno de cliente,,,,
1327,675,2026-02-01,CAT,,R10,,envio_manutencao,,Envio para manutenção,,,,
1328,684,2026-02-01,CAT,,r10,,envio_manutencao,,Envio para manutenção,,,,
1329,676,2026-02-01,CAT,,R10,,envio_manutencao,,Envio para manutenção,,,,
1330,685,2026-02-02,CAT,,Mercadão Registro,,saida_cliente,,Envio para cliente,,,,
1331,608,2026-02-02,Mercadão Registro,,CAT,,retorno_cliente,,Retorno de cliente,,,,
1332,665,2026-02-05,CAT,,Hora Certa Cidade Ademar,,saida_cliente,,Envio para cliente,,,,
1333,654,2026-02-05,Hora Certa Cidade Ademar,,CAT,,retorno_cliente,,Retorno de cliente,,,,
1334,686,2026-02-10,CAT,,Ama Capão,,saida_cliente,,Envio para cliente,,,,
1335,687,2026-02-10,Ama Capão,,CAT,,retorno_cliente,,Retorno de cliente,,,,
1336,688,2026-02-14,CAT,,Vila Suissa,,saida_cliente,,Envio para cliente,,,,
1337,689,2026-02-15,R10,,HM Cubatão,,saida_cliente,,Envio para cliente,,,,
1338,580,2026-02-15,HM Cubatão,,CAT,,retorno_cliente,,Retorno de cliente,,,,
1339,670,2026-02-16,CAT,,Porsche Matriz,,saida_cliente,,Envio para cliente,,,,
1340,523,2026-02-16,CAT,,Humana Verbo,,saida_cliente,,Envio para cliente,,,,
1341,551,2026-02-16,CAT,,Humana Ibirapuera,,saida_cliente,,Envio para cliente,,,,
1342,690,2026-02-16,Humana Ibirapuera,,CAT,,retorno_cliente,,Retorno de cliente,,,,
1343,691,2026-03-04,CAT,,Policlinica de Saquarema,,saida_cliente,,Envio para cliente,,,,
1344,692,2026-03-04,CAT,,Policlinica de Saquarema,,saida_cliente,,Envio para cliente,,,,
1345,565,2026-03-04,Policlinica de Saquarema,,CAT,,retorno_cliente,,Retorno de cliente,,,,
1346,577,2026-03-04,Policlinica de Saquarema,,CAT,,retorno_cliente,,Retorno de cliente,,,,
1347,693,2026-03-15,CAT,,R10,,envio_manutencao,,Envio para manutenção,,,,
1348,517,2026-03-15,CAT,,R10 (emprestada ),,envio_manutencao,,Envio para manutenção,,,,
1349,694,2026-03-16,PS Santana,,CAT,,retorno_cliente,,Retorno de cliente,,,,
1350,601,2026-03-16,CAT,,PS Santana,,saida_cliente,,Envio para cliente,,,,
1351,695,2026-03-19,CAT,,Humana Verbo Divino,,saida_cliente,,Envio para cliente,,,,
1352,522,2026-03-20,CAT,,Atix,,saida_cliente,,Envio para cliente,,,,
1353,696,2026-03-20,Atix,,CAT,,retorno_cliente,,Retorno de cliente,,,,
1354,697,2026-03-21,CAT,,HMU-Samir-Gru,,saida_cliente,,Envio para cliente,,,,
1355,698,2026-03-21,HMU-Samir-Gru,,CAT,,retorno_cliente,,Retorno de cliente,,,,
1356,699,2026-03-28,CAT,,Amparo - US,,saida_cliente,,Envio para cliente,,,,
1357,700,2026-04-02,CAT,,R10,,envio_manutencao,,Envio para manutenção,,,,
1358,701,2026-04-03,CAT,,URSI Santana/Jaçanã Samir Teste Ergometrico,,saida_cliente,,Envio para cliente,,,,
1359,619,2026-04-08,CAT,,URSI Santana/Jaçanã Samir -Eletro,,saida_cliente,,Envio para cliente,,,,
1360,577,2026-04-10,CAT,,AES - São Caetano do Sul,,saida_cliente,,Envio para cliente,,,,
1361,601,2026-04-15,PS Santana,,CAT,,retorno_cliente,,Retorno de cliente,,,,
1362,614,2026-04-15,CAT,,PS Santana,,saida_cliente,,Envio para cliente,,,,
1363,702,2026-04-19,CAT,,Humana Ibirapuera,,saida_cliente,,Envio para cliente,,,,
1364,703,2026-04-20,Aes Brasilandia,,CAT,,retorno_cliente,,Retorno de cliente,,,,
1365,565,2026-04-20,CAT,,Aes Brasilandia,,saida_cliente,,Envio para cliente,,,,
1366,699,2026-04-23,Amparo US,,CAT,,retorno_cliente,,Retorno de cliente,,,,
1367,704,2026-04-23,CAT,,Amparo - US,,saida_cliente,,Envio para cliente,,,,
1368,546,2026-04-26,CAT,,Amparo - US,,saida_cliente,,Envio para cliente,,,,
1369,681,2026-04-30,Ama Capão,,CAT,,retorno_cliente,,Retorno de cliente,,,,
1370,705,2026-04-30,CAT,,Ama Capão,,saida_cliente,,Envio para cliente,,,,
1371,601,2026-05-03,R10,,CAT,,retorno_manutencao,,Retorno de manutenção,,,,
1372,513,2026-05-03,R10,,CAT,,retorno_manutencao,,Retorno de manutenção,,,,
1373,690,2026-05-03,R10,,CAT,,retorno_manutencao,,Retorno de manutenção,,,,
1374,706,2026-05-13,,,CAT,,retorno_manutencao,,Retorno de manutenção,,,,
1375,699,2026-05-13,,,CAT,,retorno_manutencao,,Retorno de manutenção,,,,
1376,707,2026-05-13,,,CAT,,retorno_manutencao,,Retorno de manutenção,,,,
1377,708,2026-05-13,RX Figueira - RJ,,CAT,,retorno_cliente,,Retorno de cliente,,,,
1378,709,2026-05-13,CAT,,RX P.S Figuera  - Arraial do Cabo,,saida_cliente,,Envio para cliente,,,,
1379,707,2026-05-15,CAT,,AES São Bernado,,saida_cliente,,Envio para cliente,,,,
1380,588,2026-05-15,Hosp Geral de Arraial do Cabo,,CAT,,retorno_cliente,,Retorno de cliente,,,,
1381,710,2026-05-15,CAT,,Hosp Geral de Arraial do Cabo USG,,saida_cliente,,Envio para cliente,,,,
1382,711,2026-05-15,Hosp Geral de Arraial do Cabo,,CAT,,retorno_cliente,,Retorno de cliente,,,,
1383,699,2026-05-15,CAT,,Hosp Geral de Arraial do Cabo - Rec Raiox,,saida_cliente,,Envio para cliente,,,,
1384,647,2026-05-15,Mercadão Praia Grande,,CAT,,retorno_cliente,,Retorno de cliente,,,,
1385,712,2026-05-15,CAT,,Mercadão Praia Grande,,saida_cliente,,Envio para cliente,,,,
1386,706,2026-05-17,CAT,,Upa Jaçanã,,saida_cliente,,Envio para cliente,,,,
1387,584,2026-05-17,UPA Jaçanã,,CAT,,retorno_cliente,,Retorno de cliente,,,,
1388,713,2026-05-17,Fabiana - Araguaya,,CAT,,retorno_cliente,,Retorno de cliente,,,,
1389,513,2026-05-17,CAT,,Fabiana - Araguaya,,saida_cliente,,Envio para cliente,,,,
1390,714,2026-05-24,CAT,,Mercadão Morumbi,,saida_cliente,,Envio para cliente,,,,
1391,715,2026-05-27,CAT,,O.S Manutenção,,envio_manutencao,,Envio para manutenção,,,,
1392,716,2026-05-27,CAT,,O.S Manutenção,,envio_manutencao,,Envio para manutenção,,,,
1393,651,2026-05-27,CAT,,O.S Manutenção,,envio_manutencao,,Envio para manutenção,,,,
1394,717,2026-05-27,CAT,,O.S Manutenção,,envio_manutencao,,Envio para manutenção,,,,
1395,718,2026-05-27,CAT,,O.S Manutenção,,envio_manutencao,,Envio para manutenção,,,,
1396,719,2026-05-28,O.S Manutenção,,CAT,,retorno_manutencao,,Retorno de manutenção,,,,
1397,720,2026-05-29,CAT,,Hosp De Americana,,saida_cliente,,Envio para cliente,,,,
1398,721,2026-05-29,Hosp De Americana,,CAT,,retorno_cliente,,Retorno de cliente,,,,
1399,690,2026-06-01,CAT,,Hosp De Amparo,,saida_cliente,,Envio para cliente,,,,
1400,722,2026-06-01,Hosp De Amparo,,CAT,,retorno_cliente,,Retorno de cliente,,,,
1401,723,2026-06-04,CAT,,Porsche Porto Alegre,,saida_cliente,,Envio para cliente,,,,
1402,724,2026-06-04,CAT,,Porsche Porto Alegre,,saida_cliente,,Envio para cliente,,,,
1403,703,2026-06-05,CAT,,Policlinica Saquarema,,saida_cliente,,Envio para cliente,,,,
1404,719,2026-06-05,CAT,,Policlinica de Saquarema (BK),,saida_cliente,,Envio para cliente,,,,
1405,725,2026-06-12,CAT,,Porsche Matriz,,saida_cliente,,Envio para cliente,,,,
1406,726,2026-06-12,CAT,,Atix,,saida_cliente,,Envio para cliente,,,,
1407,522,2026-06-12,Atix,,CAT,,retorno_cliente,,Retorno de cliente,,,,
1408,727,2026-06-14,CAT,,HM Brasilandia,,saida_cliente,,Envio para cliente,,,,
1409,613,2026-06-14,HM Brasilandia,,CAT,,retorno_cliente,,Retorno de cliente,,,,
1410,728,2026-06-14,CAT,,HMU-Samir-Gru,,retorno_cliente,,Retorno de cliente,,,,
1411,729,2026-06-14,HMU-Samir-Gru,,R10,,retorno_cliente,,Retorno de cliente,,,,
1412,533,2026-06-15,CAT,,Aes Brasilandia,,saida_cliente,,Envio para cliente,,,,
1413,722,2026-06-20,CAT,,Atix,,saida_cliente,,Envio para cliente,,,,
1414,730,2026-06-17,Atix,,CAT,,retorno_cliente,,Retorno de cliente,,,,
1415,731,2026-06-20,CAT,,Araguaya,,saida_cliente,,Envio para cliente,,,,
1416,522,2026-06-20,CAT,,Araguaya,,saida_cliente,,Envio para cliente,,,,
1417,577,2026-06-21,CAT,,Upa Dona Rosa (Americana),,saida_cliente,,Envio para cliente,,,,
1418,732,2026-06-25,CAT,,Hosp da criança e adolescente GRU,,saida_cliente,,Envio para cliente,,,,
1419,545,2026-06-25,Hosp da criança e adolescente GRU,,CAT,,retorno_cliente,,Retorno de cliente,,,,
1420,733,2026-06-26,CAT,,Porsche Matriz,,saida_cliente,,Envio para cliente,,,,
1421,734,2026-06-26,Porsche Matriz,,CAT,,retorno_cliente,,Retorno de cliente,,,,
1422,711,2026-06-26,CAT,,Hisa,,saida_cliente,,Envio para cliente,,,,
1423,735,2026-06-27,CAT,,Samir São Roque,,saida_cliente,,Envio para cliente,,,,
1424,736,2026-07-08,CAT,,Piaui,,saida_cliente,,Envio para cliente,,,,
1425,737,2026-07-08,CAT,,Piaui,,saida_cliente,,Envio para cliente,,,,
1426,738,2026-07-08,CAT,,Piaui,,saida_cliente,,Envio para cliente,,,,
1427,739,2026-07-08,CAT,,Piaui,,saida_cliente,,Envio para cliente,,,,
1428,740,2026-07-08,CAT,,Piaui,,saida_cliente,,Envio para cliente,,,,
1429,741,2026-07-08,CAT,,Piaui,,saida_cliente,,Envio para cliente,,,,
1430,742,2026-07-08,CAT,,Piaui,,saida_cliente,,Envio para cliente,,,,
1431,743,2026-07-08,CAT,,Piaui,,saida_cliente,,Envio para cliente,,,,
1432,744,2026-07-10,CAT,,Hosp De Cubatão,,saida_cliente,,Envio para cliente,,,,
1433,745,2026-07-10,Hosp De Cubatão,,CAT,,retorno_cliente,,Retorno de cliente,,,,
1434,746,2026-07-10,CAT,,Hosp De Cubatão,,saida_cliente,,Envio para cliente,,,,
1435,747,2026-07-10,Hosp De Cubatão,,CAT,,retorno_cliente,,Retorno de cliente,,,,
1436,748,2026-07-15,CAT,,Policlinica de Saquarema (P),,saida_cliente,,Envio para cliente,,,,
1437,749,2026-07-15,CAT,,Policlinica de Saquarema (B),,saida_cliente,,Envio para cliente,,,,
1438,750,2026-07-17,Hosp de Cubatão,,CAT,,retorno_cliente,,Retorno de cliente,,,,
1439,692,2026-07-17,CAT,,Hosp De Cubatão,,saida_cliente,,Envio para cliente,,,,
1440,689,2026-07-20,Hosp De Cubatão,,Hosp Geral de Arraial do Cabo (B),,saida_cliente,,Envio para cliente,,,,
1441,751,2026-07-20,CAT,,PS Figueira,,saida_cliente,,Envio para cliente,,,,
1442,514,2026-07-22,Vila Dirce,,CAT,,retorno_cliente,,Retorno de cliente,,,,
1443,601,2026-07-22,CAT,,Vila Dirce,,saida_cliente,,Envio para cliente,,,,
1444,752,2026-07-22,Porsche Matriz,,CAT,,retorno_cliente,,Retorno de cliente,,,,
1445,753,2026-07-22,CAT,,Porsche Matriz,,saida_cliente,,Envio para cliente,,,,
1446,518,2026-07-23,CAT,,Humana Verbo Divino,,saida_cliente,,Envio para cliente,,,,
1447,754,2026-07-23,Humana Verbo Divino,,CAT,,retorno_cliente,,Retorno de cliente,,,,
1448,719,2026-07-23,CAT,,Hosp Pimentas,,saida_cliente,,Envio para cliente,,,,
1449,755,2026-07-23,Hosp Pimentas,,CAT,,retorno_cliente,,Retorno de cliente,,,,
1450,644,2026-07-30,CAT,,Humana Ibirapuera,,saida_cliente,,Envio para cliente,,,,
1451,756,2026-07-30,Humana Ibirapura,,CAT,,retorno_cliente,,Retorno de cliente,,,,
1452,722,2026-08-02,Atix,,CAT,,retorno_cliente,,Retorno de cliente,,,,
1453,757,2026-08-02,CAT,,Atix,,saida_cliente,,Envio para cliente,,,,
1454,520,2026-08-05,CAT,,Pq Novo Sto Amaro (ADM),,saida_cliente,,Envio para cliente,,,,
1455,758,2026-08-05,Pq Novo Sto Amaro (ADM),,CAT,,retorno_cliente,,Retorno de cliente,,,,
1456,759,2026-08-06,CAT,,Hosp Francisco Morato,,saida_cliente,,Envio para cliente,,,,
1457,760,2026-08-06,CAT,,Micnet,,envio_manutencao,,Envio para manutenção,,,,
1458,561,2026-08-06,CAT,,Micnet,,envio_manutencao,,Envio para manutenção,,,,
1459,761,2026-08-06,CAT,,Humana Ibirapuera,,saida_cliente,,Envio para cliente,,,,
1460,762,2026-08-07,CAT,,Humana Pompeia,,saida_cliente,,Envio para cliente,,,,
1461,763,2026-08-07,CAT,,Humana Pompeia,,saida_cliente,,Envio para cliente,,,,
1462,764,2026-08-07,CAT,,Humana Pompeia,,saida_cliente,,Envio para cliente,,,,
1463,765,2026-08-09,Humana Verbo Divino,,CAT,,retorno_cliente,,Retorno de cliente,,,,
1464,766,2026-08-09,CAT,,Humana Verbo Divino,,saida_cliente,,Envio para cliente,,,,
1465,520,2026-08-09,Pq Novo Sto Amaro (ADM),,CAT,,retorno_cliente,,Retorno de cliente,,,,
1466,767,2026-08-12,CAT,,Pq Novo Sto Amaro (ADM),,saida_cliente,,Envio para cliente,,,,
1467,768,2026-08-14,Humana Verbo Divino,,CAT,,retorno_cliente,,Retorno de cliente,,,,
1468,549,2026-08-14,CAT,,Humana Verbo Divino,,saida_cliente,,Envio para cliente,,,,
1469,769,2026-08-16,CAT,,Samir Piaui (Campo Maior),,saida_cliente,,Envio para cliente,,,,
1470,770,2026-08-16,CAT,,Samir Piaui (Campo Maior),,saida_cliente,,Envio para cliente,,,,
1471,771,2026-08-16,CAT,,Samir Piaui (Campo Maior),,saida_cliente,,Envio para cliente,,,,
1472,772,2026-08-16,CAT,,Samir Piaui (Campo Maior),,saida_cliente,,Envio para cliente,,,,
1473,773,2026-08-16,CAT,,Samir Piaui (Campo Maior),,saida_cliente,,Envio para cliente,,,,
1474,697,2026-08-16,HMU Guarulhos,,Samir Piaui (Campo Maior),,saida_cliente,,Envio para cliente,,,,
1475,774,2026-08-16,CAT,,HMU-Samir-Gru,,saida_cliente,,Envio para cliente,,,,
1476,775,2026-08-21,CAT,,Vila Dirce,,saida_cliente,,Envio para cliente,,,,
1477,776,2026-08-21,Vila Dirce,,CAT,,retorno_cliente,,Retorno de cliente,,,,
1478,777,2026-08-22,CAT,,Humana Magda Pompeia,,saida_cliente,,Envio para cliente,,,,
1479,778,2026-08-22,CAT,,Porsche Campinas,,saida_cliente,,Envio para cliente,,,,
1480,779,2026-08-22,CAT,,Porsche Campinas,,saida_cliente,,Envio para cliente,,,,
1481,780,2026-08-28,CAT,,Porsche Ribeirão Preto,,saida_cliente,,Envio para cliente,,,,
1482,781,2026-08-29,CAT,,Chavantes Samir,,saida_cliente,,Envio para cliente,,,,
1483,675,2026-08-29,CAT,,Chavantes Samir,,saida_cliente,,Envio para cliente,,,,
1484,760,2026-09-10,CAT,,Hospital Municipal de Quissamã RJ,,saida_cliente,,Envio para cliente,,,,
1485,782,2026-08-29,CAT,,Chavantes Samir,,saida_cliente,,Envio para cliente,,,,
1486,560,2026-08-29,CAT,,CAT,,entrada_estoque,,Entrada equipamento,,,,
1487,783,2026-08-29,CAT,,Chavantes Samir,,saida_cliente,,Envio para cliente,,,,
1488,784,2026-08-29,CAT,,CAT,,saida_cliente,,Envio para cliente,,,,
1489,688,2026-08-29,CAT,,Chavantes Samir,,saida_cliente,,Envio para cliente,,,,
1490,785,2026-08-29,CAT,,Chavantes Samir,,saida_cliente,,Envio para cliente,,,,
1491,786,2026-08-29,CAT,,Chavantes Samir,,saida_cliente,,Envio para cliente,,,,
1492,787,2026-08-30,CAT,,Juquitiba,,saida_cliente,,Envio para cliente,,,,
1493,556,2026-09-02,CAT,,Miracatu,,saida_cliente,,Envio para cliente,,,,
1494,692,2026-09-02,CAT,,Miracatu,,saida_cliente,,Envio para cliente,,,,
1495,600,2026-09-02,Miracatu,,CAT,,retorno_cliente,,Retorno de cliente,,,,
1496,788,2026-09-02,Miracatu,,CAT,,retorno_cliente,,Retorno de cliente,,,,
1497,562,2026-09-03,CAT,,"AES São Caetano  (Rua Rafael Corrêa Sampaio,361)",,saida_cliente,,Envio para cliente,,,,
1498,555,2026-09-03,CAT,,"AES São Caetano  (Rua Rafael Corrêa Sampaio,361)",,saida_cliente,,Envio para cliente,,,,
1499,568,2026-09-04,CAT,,Hospital Do Ipiranga,,saida_cliente,,Envio para cliente,,,,
1500,527,2026-09-04,Hospital do Ipiranga,,CAT,,retorno_cliente,,Retorno de cliente,,,,
1501,789,2026-09-05,CAT,,Amparo,,saida_cliente,,Envio para cliente,,,,
1502,790,2026-09-06,CAT,,Mercadão Mongagua,,saida_cliente,,Envio para cliente,,,,
1503,610,2026-09-06,Mercadão Mongagua,,CAT,,retorno_cliente,,Retorno de cliente,,,,
1504,756,2026-09-06,R10,,CAT,,retorno_manutencao,,Retorno de manutenção,,,,
1505,601,2026-09-06,R10,,CAT,,retorno_manutencao,,Retorno de manutenção,,,,
1506,754,2026-09-06,R10,,CAT,,retorno_manutencao,,Retorno de manutenção,,,,
1507,520,2026-09-09,R10,,CAT,,retorno_manutencao,,Retorno de manutenção,,,,
1508,518,2026-09-09,R10,,CAT,,retorno_manutencao,,Retorno de manutenção,,,,
1509,791,2026-09-10,CAT,,Hospital Municipal de Quissamã RJ,,saida_cliente,,Envio para cliente,,,,
1510,616,2026-09-13,Vera Cruz,,CAT,,retorno_cliente,,Retorno de cliente,,,,
1511,754,2026-09-13,CAT,,Vera Cruz,,saida_cliente,,Envio para cliente,,,,
1512,562,2026-09-14,"AES São Caetano  (Rua Rafael Corrêa Sampaio,361)",,CAT,,retorno_cliente,,Retorno de cliente,,,,
1513,593,2026-09-14,CAT,,"AES São Caetano  (Rua Rafael Corrêa Sampaio,361)",,saida_cliente,,Envio para cliente,,,,
1514,610,2026-09-18,CAT,,R10,,envio_manutencao,,Envio para manutenção,,,,
1515,788,2026-09-19,CAT,,Hosp Dia São Matheus AES,,saida_cliente,,Envio para cliente,,,,
1516,792,2026-09-24,Porsche Matriz,,CAT,,retorno_cliente,,Retorno de cliente,,,,
1517,793,2026-09-24,CAT,,Porsche Matriz,,saida_cliente,,Envio para cliente,,,,
1518,794,2026-09-24,R10,,CAT,,retorno_manutencao,,Retorno de manutenção,,,,
1519,601,2026-09-25,CAT,,Upa Americana,,saida_cliente,,Envio para cliente,,,,
1520,795,2026-09-25,Upa Americana,,CAT,,retorno_cliente,,Retorno de cliente,,,,
1521,796,2026-09-26,R10,,HMU-Samir-Gru,,saida_cliente,,Envio para cliente,,,,
1522,797,2026-09-26,HMU-Samir-Gru,,cat,,retorno_cliente,,Retorno de cliente,,,,
1523,797,2026-10-01,CAT,,R10,,envio_manutencao,,Envio para manutenção,,,,
1524,798,2026-10-01,CAT,,R10,,envio_manutencao,,Envio para manutenção,,,,
1525,799,2026-10-01,CAT,,R10,,envio_manutencao,,Envio para manutenção,,,,
1526,800,2026-10-01,CAT,,Upa Alto da Ponte São José do Campos,,saida_cliente,,Envio para cliente,,,,
1527,801,2026-10-04,,,CAT,,retorno_manutencao,,Retorno de manutenção,,,,
1528,608,2026-10-04,Mercadão Praia Grande,,CAT,,retorno_cliente,,Retorno de cliente,,,,
1529,728,2026-10-04,CAT,,Mercadão Praia Grande,,saida_cliente,,Envio para cliente,,,,
1530,532,2026-10-04,CAT,,O.S Manutenção,,envio_manutencao,,Envio para manutenção,,,,
1531,802,2026-10-04,CAT,,O.S Manutenção,,envio_manutencao,,Envio para manutenção,,,,
1532,747,2026-10-04,CAT,,O.S Manutenção,,envio_manutencao,,Envio para manutenção,,,,
1533,803,2026-10-04,CAT,,O.S Manutenção,,envio_manutencao,,Envio para manutenção,,,,
1534,545,2026-10-04,CAT,,O.S Manutenção,,envio_manutencao,,Envio para manutenção,,,,
1535,804,2026-10-08,CAT,,Araguaya,,saida_cliente,,Envio para cliente,,,,
1536,608,2026-10-08,CAT,,R10,,envio_manutencao,,Envio para manutenção,,,,
1537,722,2026-10-11,Humana Verbo Divino,,R10,,envio_manutencao,,Envio para manutenção,,,,
1538,805,2026-10-11,Porsche Campinas,,R10,,envio_manutencao,,Envio para manutenção,,,,
1539,540,2026-10-11,Porsche Rio,,R10,,envio_manutencao,,Envio para manutenção,,,,
1540,806,2026-10-11,CAT,,Hora certa Cidade Ademar,,saida_cliente,,Envio para cliente,,,,
1541,665,2026-10-11,Hora Certa Cidade Ademar,,O.S Manutenção,,envio_manutencao,,Envio para manutenção,,,,
1542,807,2026-10-12,Mercadão Guaruja,,R10,,envio_manutencao,,Envio para manutenção,,,,
1543,712,2026-10-12,CAT,,Mercadão Guaruja,,saida_cliente,,Envio para cliente,,,,
1544,808,2026-10-16,Samir Escritorio,,R10,,retorno_cliente,,Retorno de cliente,,,,
1545,518,2026-10-16,CAT,,Samir Escritorio,,saida_cliente,,Envio para cliente,,,,
1546,755,2026-10-18,CAT,,URSI ZN,,saida_cliente,,Envio para cliente,,,,
1547,619,2026-10-18,URSI ZN,,CAT,,retorno_cliente,,Retorno de cliente,,,,
1548,711,2026-10-18,O.S Manutenção,,CAT,,retorno_manutencao,,Retorno de manutenção,,,,
1549,642,2026-10-18,O.S Manutenção,,CAT,,retorno_manutencao,,Retorno de manutenção,,,,
1550,587,2026-10-18,O.S Manutenção,,CAT,,retorno_manutencao,,Retorno de manutenção,,,,
1551,809,2026-10-18,O.S Manutenção,,CAT,,retorno_manutencao,,Retorno de manutenção,,,,
1552,810,2026-10-22,CAT,,Humana Ibirapuera,,saida_cliente,,Envio para cliente,,,,
1553,811,2026-10-22,Humana Ibirapuera,,CAT,,retorno_cliente,,Retorno de cliente,,,,
1554,812,2026-10-25,CAT,,Hospital do Guaruja (4id),,saida_cliente,,Envio para cliente,,,,
1555,571,2026-10-25,Mercadão de Santos,,CAT,,retorno_cliente,,Retorno de cliente,,,,
1556,807,2026-10-25,CAT,,Mercadão de Santos,,saida_cliente,,Envio para cliente,,,,
1557,813,2026-11-04,CAT,,IRMANDADE DO HOSP. DE CARIDADE ANITA COSTA,,saida_cliente,,Envio para cliente,,,,
1558,593,2026-11-04,"AES São Caetano  (Rua Rafael Corrêa Sampaio,361)",,CAT,,retorno_cliente,,Retorno de cliente,,,,
1559,642,2026-11-04,CAT,,"AES São Caetano  (Rua Rafael Corrêa Sampaio,361)",,saida_cliente,,Envio para cliente,,,,
1560,624,2026-11-04,Hosp De Cubatão,,CAT,,retorno_cliente,,Retorno de cliente,,,,
1561,814,2026-11-04,CAT,,Hosp De Cubatão,,saida_cliente,,Envio para cliente,,,,
1562,815,2026-11-04,Pq Novo Sto Amaro (ADM),,CAT,,retorno_cliente,,Retorno de cliente,,,,
1563,519,2026-11-04,CAT,,Pq Novo Sto Amaro (ADM),,saida_cliente,,Envio para cliente,,,,
1564,816,2026-11-05,CAT,,Upa Vila das Belezas,,saida_cliente,,Envio para cliente,,,,
1565,560,2026-11-05,CAT,,Upa Vila das Belezas,,saida_cliente,,Envio para cliente,,,,
1566,805,2026-06-17,CAT,,Upa Vila das Belezas,,saida_cliente,,Envio para cliente,,,,
1567,624,2026-11-06,CAT,,R10,,envio_manutencao,,Envio para manutenção,,,,
1568,571,2026-11-06,CAT,,R10,,envio_manutencao,,Envio para manutenção,,,,
1569,549,2026-11-06,Humana Verbo Divino,,CAT,,retorno_cliente,,Retorno de cliente,,,,
1570,520,2026-11-06,CAT,,Humana Verbo Divino,,saida_cliente,,Envio para cliente,,,,
1571,809,2026-11-07,CAT,,Hospital do Guaruja (4id),,saida_cliente,,Envio para cliente,,,,
1572,817,2026-11-29,CAT,,Hosp de Cajamar,,saida_cliente,,Envio para cliente,,,,
1573,587,2026-11-29,CAT,,Upa Jordanésia (Cajamar),,saida_cliente,,Envio para cliente,,,,
1574,591,2026-12-02,Vera Cruz,,CAT,,retorno_cliente,,Retorno de cliente,,,,
1575,756,2026-12-02,CAT,,Vera Cruz,,saida_cliente,,Envio para cliente,,,,
1576,532,2026-12-03,CAT,,O.S Manutenção,,envio_manutencao,,Envio para manutenção,,,,
1577,818,2026-12-03,CAT,,O.S Manutenção,,envio_manutencao,,Envio para manutenção,,,,
1578,750,2026-12-03,CAT,,O.S Manutenção,,envio_manutencao,,Envio para manutenção,,,,
1579,802,2026-12-03,CAT,,O.S Manutenção,,envio_manutencao,,Envio para manutenção,,,,
1580,559,2026-12-03,CAT,,O.S Manutenção,,envio_manutencao,,Envio para manutenção,,,,
1581,651,2026-12-03,CAT,,O.S Manutenção,,envio_manutencao,,Envio para manutenção,,,,
1582,819,2026-12-06,CAT,,O.S Manutenção,,envio_manutencao,,Envio para manutenção,,,,
1583,677,2026-12-11,CAT,,Hospital Saquarema de Nazaré,,saida_cliente,,Envio para cliente,,,,
1584,820,2026-12-18,CAT,,Guará,,saida_cliente,,Envio para cliente,,,,
1585,759,2026-01-07,Francisco Morato,,CAT,,retorno_cliente,,Retorno de cliente,,,,
1586,821,2026-01-07,CAT,,Francisco Morato,,saida_cliente,,Envio para cliente,,,,
1587,759,2026-01-07,CAT,,r10,,envio_manutencao,,Envio para manutenção,,,,
1588,750,2026-01-09,CAT,,Lauzane Paulista,,saida_cliente,,Envio para cliente,,,,
1589,822,2026-01-09,Lauzane Paulista,,CAT,,retorno_cliente,,Retorno de cliente,,,,
1590,651,2026-01-14,CAT,,"AES São Caetano  (Rua Rafael Corrêa Sampaio,361)",,saida_cliente,,Envio para cliente,,,,
1591,823,2026-01-14,"AES São Caetano  (Rua Rafael Corrêa Sampaio,361)",,CAT,,retorno_cliente,,Retorno de cliente,,,,
1592,532,2026-01-15,CAT,,Hospital municipal de Araucária,,saida_cliente,,Envio para cliente,,,,
1593,824,2026-01-15,CAT,,Hospital municipal de Araucária,,saida_cliente,,Envio para cliente,,,,
1594,559,2026-01-15,CAT,,Juquitiba,,saida_cliente,,Envio para cliente,,,,
1595,825,2026-01-15,Juquitiba,,CAT,,retorno_cliente,,Retorno de cliente,,,,
1596,593,2026-01-20,CAT,,"AES São Caetano  (Rua Rafael Corrêa Sampaio,361)",,saida_cliente,,Envio para cliente,,,,
1597,651,2026-01-20,"AES São Caetano  (Rua Rafael Corrêa Sampaio,361)",,CAT,,retorno_cliente,,Retorno de cliente,,,,
1598,826,2026-01-23,CAT,,Hospital de Americana,,saida_cliente,,Envio para cliente,,,,
1599,827,2026-01-23,Hospital de Americana,,Iotec,,envio_manutencao,,Envio para manutenção,,,,
1600,784,2026-01-23,CAT,,Araguaya,,saida_cliente,,Envio para cliente,,,,
1601,825,2026-01-23,CAT,,Iotec,,envio_manutencao,,Envio para manutenção,,,,
1602,796,2026-01-31,HMU Guarulhos RX,,CAT,,retorno_cliente,,Retorno de cliente,,,,
1603,595,2026-01-31,HMU Guarulhos,,CAT,,retorno_cliente,,Retorno de cliente,,,,
1604,828,2026-01-31,Hospital Pimentas,,CAT,,retorno_cliente,,Retorno de cliente,,,,
1605,829,2026-01-31,HMU Guarulhos US,,CAT,,retorno_cliente,,Retorno de cliente,,,,
1606,774,2026-01-31,HMU Guarulhos,,CAT,,retorno_cliente,,Retorno de cliente,,,,
1607,587,2026-02-01,Upa Jordanesia,,CAT,,retorno_cliente,,Retorno de cliente,,,,
1608,719,2026-02-01,CAT,,Upa Jordanésia (Cajamar),,saida_cliente,,Envio para cliente,,,,
1609,719,2026-02-07,Upa Jordanesia,,CAT,,retorno_cliente,,Retorno de cliente,,,,
1610,595,2026-02-07,CAT,,Upa Jordanésia (Cajamar),,saida_cliente,,Envio para cliente,,,,
1611,787,2026-02-07,CAT,,Juquitiba,,saida_cliente,,Envio para cliente,,,,
1612,830,2026-02-12,CAT,,Mercadão de Itanhaem,,saida_cliente,,Envio para cliente,,,,
1613,831,2026-02-12,Mercadão De Itanhaem,,R10,,retorno_cliente,,Retorno de cliente,,,,
1614,540,2026-02-13,CAT,,Humana Verbo Divino,,saida_cliente,,Envio para cliente,,,,
1615,794,2026-02-13,CAT,,Humana Ibirapuera,,saida_cliente,,Envio para cliente,,,,
1616,832,2026-02-17,CAT,,Francisco Morato,,saida_cliente,,Envio para cliente,,,,
1617,833,2026-02-17,Francisco Morato,,R10,,retorno_cliente,,Retorno de cliente,,,,
1618,600,2026-02-18,O.S Manutenção,,"AES São Caetano  (Rua Rafael Corrêa Sampaio,361)",,saida_cliente,,Envio para cliente,,,,
1619,834,2026-02-18,"AES São Caetano  (Rua Rafael Corrêa Sampaio,361)",,CAT,,retorno_cliente,,Retorno de cliente,,,,
1620,835,2026-02-19,CAT,,Porsche Matriz,,saida_cliente,,Envio para cliente,,,,
1621,836,2026-02-19,Porsche Matriz,,CAT,,retorno_cliente,,Retorno de cliente,,,,
1622,837,2026-02-19,CAT,,Humana Verbo Divino,,saida_cliente,,Envio para cliente,,,,
1623,838,2026-03-05,CAT,,Hospital de Cajamar,,saida_cliente,,Envio para cliente,,,,
1624,839,2026-03-05,Hospital do Cajamar,,CAT,,retorno_cliente,,Retorno de cliente,,,,
1625,778,2026-03-06,Porsche Campinas,,CAT,,retorno_cliente,,Retorno de cliente,,,,
1626,840,2026-03-06,CAT,,Porsche Campinas,,saida_cliente,,Envio para cliente,,,,
1627,841,2026-03-13,CAT,,Samir Embu,,saida_cliente,,Envio para cliente,,,,
1628,672,2026-03-13,CAT,,Hospital Munnicipal de Araucaria,,saida_cliente,,Envio para cliente,,,,
1629,842,2026-03-13,CAT,,Porsche Maringa,,saida_cliente,,Envio para cliente,,,,
1630,843,2026-03-13,CAT,,Porsche Maringa,,saida_cliente,,Envio para cliente,,,,
1631,811,2026-03-14,CAT,,Humana Verbo Divino,,saida_cliente,,Envio para cliente,,,,
1632,596,2026-03-14,Hospital de Cajamar,,CAT,,retorno_cliente,,Retorno de cliente,,,,
1633,812,2026-03-14,CAT,,Hospital de Cajamar,,saida_cliente,,Envio para cliente,,,,
1634,727,2026-03-14,Hospital da Brasilandia,,CAT,,retorno_cliente,,Retorno de cliente,,,,
1635,844,2026-03-14,CAT,,Hospital da Brasilandia,,saida_cliente,,Envio para cliente,,,,
1636,845,2026-03-17,CAT,,Humana Pompeia,,saida_cliente,,Envio para cliente,,,,
1637,763,2026-03-17,Humana Pompeia,,Manutenção,,envio_manutencao,,Envio para manutenção,,,,
1638,763,2026-03-18,Manutenção,,CAT,,retorno_manutencao,,Retorno de manutenção,,,,
1639,846,2026-03-18,CAT,,Araguaya,,saida_cliente,,Envio para cliente,,,,
1640,778,2026-03-19,CAT,,Porsche Itaim,,saida_cliente,,Envio para cliente,,,,
1641,847,2026-03-19,CAT,,HOSP. MUN. DE ARAUCARIA,,saida_cliente,,Envio para cliente,,,,
1642,848,2026-03-20,CAT,,Porsche Maringa,,saida_cliente,,Envio para cliente,,,,
1643,849,2026-03-25,CAT,,Complexo de Saúde Dr. Antonio João Abdalla ( Cajamar),,saida_cliente,,Envio para cliente,,,,
1644,838,2026-03-27,CAT,,Samir São Roque,,saida_cliente,,Envio para cliente,,,,
1645,850,2026-03-27,Samir São Roque,,CAT,,retorno_cliente,,Retorno de cliente,,,,
1646,851,2026-04-01,CAT,,Mercadão Bertioga,,saida_cliente,,Envio para cliente,,,,
1647,852,2026-04-04,CAT,,Atix,,saida_cliente,,Envio para cliente,,,,
1648,853,2026-04-04,Atix,,CAT,,retorno_cliente,,Retorno de cliente,,,,
1649,732,2026-04-07,CAT,,Centro de Exames da Mulher (Capela do Socorro) US,,saida_cliente,,Envio para cliente,,,,
1650,599,2026-04-07,CAT,,Centro de Exames da Mulher (Capela do Socorro) D.O,,saida_cliente,,Envio para cliente,,,,
1651,583,2026-04-09,CAT,,Centro de Exames da Mulher (Capela do Socorro) US,,saida_cliente,,Envio para cliente,,,,
1652,513,2026-04-10,CAT,,Humana Verbo,,saida_cliente,,Envio para cliente,,,,
1653,854,2026-04-10,Humana Verbo Divino,,CAT,,retorno_cliente,,Retorno de cliente,,,,
1654,855,2026-04-10,CAT,,Amparo,,saida_cliente,,Envio para cliente,,,,
1655,750,2026-04-10,Lauzane Paulista,,CAT,,retorno_cliente,,Retorno de cliente,,,,
1656,626,2026-04-10,Joamar,,CAT,,retorno_cliente,,Retorno de cliente,,,,
1657,631,2026-04-10,Wamberto dias,,CAT,,retorno_cliente,,Retorno de cliente,,,,
1658,706,2026-04-10,UPA Jaçanã,,CAT,,retorno_cliente,,Retorno de cliente,,,,
1659,775,2026-04-10,Vila Dirce,,CAT,,retorno_cliente,,Retorno de cliente,,,,
1660,775,2026-04-10,CAT,,Ama Capão,,saida_cliente,,Envio para cliente,,,,
1661,705,2026-04-10,Ama Capão,,CAT,,retorno_cliente,,Retorno de cliente,,,,
1662,856,2026-04-11,CAT,,Porsche Matriz,,saida_cliente,,Envio para cliente,,,,
1663,857,2026-04-14,CAT,,Atix,,saida_cliente,,Envio para cliente,,,,
1664,858,2026-04-14,Atix,,CAT,,retorno_cliente,,Retorno de cliente,,,,
1665,690,2026-04-15,Hospital de Amparo,,R10,,retorno_cliente,,Retorno de cliente,,,,
1666,859,2026-04-17,Mercadão Pereque,,CAT,,retorno_cliente,,Retorno de cliente,,,,
1667,618,2026-04-17,CAT,,Mercadão Pereque,,saida_cliente,,Envio para cliente,,,,
1668,519,2026-04-17,Parque Novo Sto Amaro,,CAT,,retorno_cliente,,Retorno de cliente,,,,
1669,860,2026-04-17,CAT,,Parque Novo Sto Amaro,,saida_cliente,,Envio para cliente,,,,
1670,614,2026-04-19,P.S Santana,,CAT,,retorno_cliente,,Retorno de cliente,,,,
1671,731,2026-04-21,CAT,,Vera Cruz,,saida_cliente,,Envio para cliente,,,,
1672,756,2026-04-21,Vera Cruz,,CAT,,retorno_cliente,,Retorno de cliente,,,,
1673,614,2026-04-24,P.S Santana,,HD MboiMirim Vera Cruz,,saida_cliente,,Envio para cliente,,,,
1674,754,2026-04-24,HD MboiMirim Vera Cruz,,CAT,,retorno_cliente,,Retorno de cliente,,,,
1675,705,2026-04-25,R10,,CAT,,retorno_manutencao,,Retorno de manutenção,,,,
1676,690,2026-04-25,R10,,CAT,,retorno_manutencao,,Retorno de manutenção,,,,
1677,750,2026-04-26,CAT,,Centro de Exames da Mulher (Capela do Socorro) US,,saida_cliente,,Envio para cliente,,,,
1678,732,2026-04-26,Centro de Exames da Mulher (Capela do Socorro) US,,CAT,,retorno_cliente,,Retorno de cliente,,,,
1679,583,2026-04-26,Centro de Exames da Mulher (Capela do Socorro) US,,CAT,,retorno_cliente,,Retorno de cliente,,,,
1680,750,2026-04-30,Centro de Exames da Mulher (Capela do Socorro) US,,CAT,,retorno_cliente,,Retorno de cliente,,,,
1681,631,2026-04-30,CAT,,Centro de Exames da Mulher (Capela do Socorro) US,,saida_cliente,,Envio para cliente,,,,
1682,727,2026-05-05,CAT,,Complexo de Saúde Dr. Antonio João Abdalla ( Cajamar),,saida_cliente,,Envio para cliente,,,,
1683,728,2026-05-06,Mercadão Praia Grande,,CAT,,retorno_cliente,,Retorno de cliente,,,,
1684,859,2026-05-06,CAT,,Mercadão Praia Grande,,saida_cliente,,Envio para cliente,,,,
1685,705,2026-05-12,CAT,,Complexo de Saúde Dr. Antonio João Abdalla ( Cajamar),,saida_cliente,,Envio para cliente,,,,
1686,861, ,CAT,,Hosp Justino Luz (Piaui),,saida_cliente,,Envio para cliente,,,,
1687,862,2026-06-17,CAT,,Hosp Justino Luz (Piaui),,saida_cliente,,Envio para cliente,,,,
1688,863,2026-06-17,CAT,,Hosp Justino Luz (Piaui),,saida_cliente,,Envio para cliente,,,,
1689,864,2026-06-17,CAT,,Hosp Justino Luz (Piaui),,saida_cliente,,Envio para cliente,,,,
1690,865,2026-06-17,CAT,,Hosp Justino Luz (Piaui),,saida_cliente,,Envio para cliente,,,,
1691,681,2026-06-17,CAT,,Hosp Justino Luz (Piaui) P,,saida_cliente,,Envio para cliente,,,,
1692,616,2026-06-17,CAT,,Hosp Justino Luz (Piaui) L,,saida_cliente,,Envio para cliente,,,,
1693,591,2026-06-17,CAT,,Hosp Justino Luz (Piaui) BK,,saida_cliente,,Envio para cliente,,,,
1694,775,2026-05-20,Ama Capão,,CAT,,retorno_cliente,,Retorno de cliente,,,,
1695,514,2026-05-20,CAT,,Ama Capão,,saida_cliente,,Envio para cliente,,,,
1696,518,2026-05-21,CAT,,Humana Verbo Divino,,saida_cliente,,Envio para cliente,,,,
1697,866,2026-05-26,CAT,,São Luis,,saida_cliente,,Envio para cliente,,,,
1698,524,2026-05-26,São Luis,,R10,,retorno_cliente,,Retorno de cliente,,,,
1699,728,2026-05-26,CAT,,Mercadão Enseada,,saida_cliente,,Envio para cliente,,,,
1700,867,2026-05-28,CAT,,Hosp Ipiranga 4id,,saida_cliente,,Envio para cliente,,,,
1701,690,2026-05-30,CAT,,Amparo,,saida_cliente,,Envio para cliente,,,,
1702,868,2026-06-02,CAT,,Ame Carapicuiba,,saida_cliente,,Envio para cliente,,,,
1703,869,2026-06-04,CAT,,Pq Fernanda,,saida_cliente,,Envio para cliente,,,,
1704,869,2026-06-05,Pq Fernanda,,CAT,,retorno_cliente,,Retorno de cliente,,,,
1705,870,2026-06-05,Amparo,,CAT,,retorno_cliente,,Retorno de cliente,,,,
1706,871,2026-06-05,CAT,,Pq Fernanda,,saida_cliente,,Envio para cliente,,,,
1707,583,2026-06-02,CAT,,Centro de Exames da Mulher,,saida_cliente,,Envio para cliente,,,,
1708,583,2026-06-09,Centro de Exames da Mulher (Capela do Socorro) US,,CAT,,retorno_cliente,,Retorno de cliente,,,,
1709,802,2026-06-09,CAT,,Centro de exames da Mulher,,saida_cliente,,Envio para cliente,,,,
1710,872,2026-06-09,CEMEG Cantareira,,Centro de exames da Mulher Snova,,saida_cliente,,Envio para cliente,,,,
1711,873,2026-06-11,CAT,,R10,,envio_manutencao,,Envio para manutenção,,,,
1712,869,2026-06-11,CAT,,R10,,envio_manutencao,,Envio para manutenção,,,,
1713,874,2026-06-11,CAT,,R10,,envio_manutencao,,Envio para manutenção,,,,
1714,875,2026-06-11,CAT,,R10,,envio_manutencao,,Envio para manutenção,,,,
1715,876,2026-06-11,CAT,,R10,,envio_manutencao,,Envio para manutenção,,,,
1716,858,2026-06-11,CAT,,R10,,envio_manutencao,,Envio para manutenção,,,,
1717,877,2026-06-11,CAT,,R10,,envio_manutencao,,Envio para manutenção,,,,
1718,714,2026-06-11,Mercadão Morumbi,,R10,,retorno_cliente,,Retorno de cliente,,,,
1719,878,2026-06-11,R10,,Mercadão Morumbi,,saida_cliente,,Envio para cliente,,,,
1720,879,2026-06-13,CAT,,HD MboiMirim Vera Cruz,,saida_cliente,,Envio para cliente,,,,
1721,614,2026-06-13,HD MboiMirim Vera Cruz,,CAT,,retorno_cliente,,Retorno de cliente,,,,
1722,880,2026-06-13,CAT,,Complexo de Saúde Dr. Antonio João Abdalla ( Cajamar),,saida_cliente,,Envio para cliente,,,,
1723,881,2026-06-13,CAT,,Unidade Mista de Embu,,saida_cliente,,Envio para cliente,,,,
1724,607,2026-06-16,JD Angela,,CAT,,retorno_cliente,,Retorno de cliente,,,,
1725,882,2026-06-16,CAT,,JD Angela,,saida_cliente,,Envio para cliente,,,,
1726,809,2026-06-18,CAT,,Hosp do Homem RJ,,saida_cliente,,Envio para cliente,,,,
1727,883,2026-06-18,CAT,,Hosp do Homem RJ,,saida_cliente,,Envio para cliente,,,,
1728,714,2026-06-20,R10,,CAT,,retorno_manutencao,,Retorno de manutenção,,,,
1729,705,2026-06-20,Complexo de Saúde Dr. Antonio João Abdalla ( Cajamar),,CAT,,retorno_cliente,,Retorno de cliente,,,,
1730,632,2026-06-23,CAT,,URSI ZN Cardio,,saida_cliente,,Envio para cliente,,,,
1731,711,2026-06-23,URSI ZN Cardio,,CAT,,retorno_cliente,,Retorno de cliente,,,,
1732,881,2026-06-24,Unidade Mista de Embu,,CAT,,retorno_cliente,,Retorno de cliente,,,,
1733,884,2026-06-24,CAT,,Unidade Mista de Embu,,saida_cliente,,Envio para cliente,,,,
1734,885,2026-07-01,CAT,,Hospital Israelita Albert Sabin,,saida_cliente,,Envio para cliente,,,,
1735,636,2026-07-02,Hospital Israelita Albert Sabin,,R10,,retorno_cliente,,Retorno de cliente,,,,
1736,673,2026-07-02,Hospital Israelita Albert Sabin,,CAT,,retorno_cliente,,Retorno de cliente,,,,
1737,705,2026-07-01,CAT,,Hospital Israelita Albert Sabin,,saida_cliente,,Envio para cliente,,,,
1738,578,2026-07-03,HM Campo Limpo Paulista,,CAT,,retorno_cliente,,Retorno de cliente,,,,
1739,886,2026-07-03,HM Campo Limpo Paulista,,CAT,,retorno_cliente,,Retorno de cliente,,,,
1740,887,2026-07-08,CAT,,4id Suzano,,saida_cliente,,Envio para cliente,,,,
1741,711,2026-07-10,CAT,,Unidade Mista de Embu,,saida_cliente,,Envio para cliente,,,,
1742,888,2026-07-15,CAT,,Unidade Mista de Embu,,saida_cliente,,Envio para cliente,,,,
1743,711,2026-07-15,Unidade Mista de Embu,,CAT,,retorno_cliente,,Retorno de cliente,,,,
1744,884,2026-07-18,CAT,,AES São Matheus,,saida_cliente,,Envio para cliente,,,,
1745,889,2026-07-18,CAT,,"AES São Caetano  (Rua Rafael Corrêa Sampaio,361)",,saida_cliente,,Envio para cliente,,,,
1746,890,2026-07-18,CAT,,Centro de Exames da Mulher,,saida_cliente,,Envio para cliente,,,,
1747,626,2026-07-18,CAT,,Centro de Exames da Mulher,,saida_cliente,,Envio para cliente,,,,
1748,872,2026-07-18,Centro de Exames da Mulher (Capela do Socorro) US,,CAT,,retorno_cliente,,Retorno de cliente,,,,
1749,802,2026-07-18,Centro de Exames da Mulher (Capela do Socorro) US,,CAT,,retorno_cliente,,Retorno de cliente,,,,
1750,706,2026-07-21,CEM,,CAT,,retorno_cliente,,Retorno de cliente,,,,
1751,600,2026-07-21,CAT,,CEM,,saida_cliente,,Envio para cliente,,,,
1752,706,2026-07-21,CEM,,CAT,,retorno_cliente,,Retorno de cliente,,,,
1753,578,2026-07-21,CAT,,HC Mboimirim ii (vera Cruz),,saida_cliente,,Envio para cliente,,,,
1754,879,2026-07-21,HC Mboimirim ii (vera Cruz),,CAT,,retorno_cliente,,Retorno de cliente,,,,
1755,891,2026-07-21,CAT,,Porsche Matriz,,saida_cliente,,Envio para cliente,,,,
1756,892,2026-07-21,Porsche Matriz,,CAT,,retorno_cliente,,Retorno de cliente,,,,
1757,879,2026-07-29,CAT,,USF Cidade Nova,,saida_cliente,,Envio para cliente,,,,
1758,607,2026-07-30,CAT,,Mercadão Bertioga,,saida_cliente,,Envio para cliente,,,,
1759,851,2026-07-30,Mercadão Bertioga,,CAT,,retorno_cliente,,Retorno de cliente,,,,
1760,775,2026-07-31,CAT,,P.S Pindamonhagaba,,saida_cliente,,Envio para cliente,,,,
1761,588,2026-08-04,CAT,,"AES São Caetano  (Rua Rafael Corrêa Sampaio,361)",,saida_cliente,,Envio para cliente,,,,
1762,893,2026-08-04,"AES São Caetano  (Rua Rafael Corrêa Sampaio,361)",,CAT,,retorno_cliente,,Retorno de cliente,,,,
1763,894,2026-08-06,HD MboiMirim Vera Cruz,,CAT,,retorno_cliente,,Retorno de cliente,,,,
1764,519,2026-08-06,CAT,,HD MboiMirim Vera Cruz,,saida_cliente,,Envio para cliente,,,,
1765,756,2026-08-07,CAT,,Posto de Atendimento Imediato José Zanedin (Sta Cruz das Palmeiras) BK,,saida_cliente,,Envio para cliente,,,,
1766,614,2026-08-07,CAT,,Posto de Atendimento Imediato José Zanedin (Sta Cruz das Palmeiras) P,,saida_cliente,,Envio para cliente,,,,
1767,875,2026-08-07,CAT,,Nova Odessa,,saida_cliente,,Envio para cliente,,,,
1768,774,2026-08-07,CAT,,Nova Odessa,,saida_cliente,,Envio para cliente,,,,
1769,895,2026-08-11,CAT,,Humana Pompeia,,saida_cliente,,Envio para cliente,,,,
1770,887,2026-08-12,CAT,,"AES São Caetano  (Rua Rafael Corrêa Sampaio,361)",,saida_cliente,,Envio para cliente,,,,
1771,588,2026-08-12,"AES São Caetano  (Rua Rafael Corrêa Sampaio,361)",,CAT,,retorno_cliente,,Retorno de cliente,,,,
1772,636,2026-08-12,CAT,,Santa Casa De são Roque,,saida_cliente,,Envio para cliente,,,,
1773,896,2026-08-13,CAT,,Humana Ibirapuera,,saida_cliente,,Envio para cliente,,,,
1774,897,2026-08-13,CAT,,Humana Ibirapuera,,saida_cliente,,Envio para cliente,,,,
1775,513,2026-08-14,CAT,,HD MboiMirim Vera Cruz,,saida_cliente,,Envio para cliente,,,,
1776,519,2026-08-14,HD MboiMirim Vera Cruz,,CAT,,retorno_cliente,,Retorno de cliente,,,,
1777,513,2026-08-21,HD MboiMirim Vera Cruz,,CAT,,retorno_cliente,,Retorno de cliente,,,,
1778,754,2026-08-21,CAT,,HD MboiMirim Vera Cruz,,saida_cliente,,Envio para cliente,,,,
1779,588,2026-08-22,CAT,,Complexo de Saúde Dr. Antonio João Abdalla ( Cajamar),,saida_cliente,,Envio para cliente,,,,
1780,849,2026-08-22,Complexo de Saúde Dr. Antonio João Abdalla ( Cajamar),,CAT,,retorno_cliente,,Retorno de cliente,,,,
1781,578,2026-08-27,CAT,,Upa São Dimas ( Amparo),,saida_cliente,,Envio para cliente,,,,
1782,854,2026-08-28,CAT,,Upa de Americana,,saida_cliente,,Envio para cliente,,,,
1783,849,2026-08-29,CAT,,AES Hosp do Ipiranga,,saida_cliente,,Envio para cliente,,,,
1784,584,2026-08-29,CAT,,AES Hosp do Ipiranga,,saida_cliente,,Envio para cliente,,,,
1785,515,2026-09-02,CAT,,Araguaya,,saida_cliente,,Envio para cliente,,,,
1786,522,2026-09-02,Araguaya,,CAT,,retorno_cliente,,Retorno de cliente,,,,
1787,784,2026-09-02,Araguaya,,CAT,,retorno_cliente,,Retorno de cliente,,,,
1788,670,2026-09-02,CAT,,Porsche Naçoes Unidas,,saida_cliente,,Envio para cliente,,,,
1789,898,2026-09-02,Porsche Naçoes Unidas,,CAT,,retorno_cliente,,Retorno de cliente,,,,
1790,888,2026-09-04,Unidade Mista de Embu,,CAT,,retorno_cliente,,Retorno de cliente,,,,
1791,642,2026-09-06,CAT,,Aes Brasilandia,,saida_cliente,,Envio para cliente,,,,
1792,533,2026-09-06,AES Brasilandia,,CAT,,retorno_cliente,,Retorno de cliente,,,,
1793,898,2026-09-09,CAT,,Porsche Matriz,,saida_cliente,,Envio para cliente,,,,
1794,714,2026-09-11,CAT,,Amparo,,saida_cliente,,Envio para cliente,,,,
1795,711,2026-09-12,CAT,,Juquitiba,,saida_cliente,,Envio para cliente,,,,
1796,787,2026-09-12,Juquitiba,,CAT,,retorno_cliente,,Retorno de cliente,,,,
1797,802,2026-09-17,CAT,,Hora Certa Cidade Ademar,,saida_cliente,,Envio para cliente,,,,
1798,806,2026-09-17,Hora Certa Cidade Ademar,,CAT,,retorno_cliente,,Retorno de cliente,,,,
1799,626,2026-09-26,CAT,,AES São Bernado,,saida_cliente,,Envio para cliente,,,,
1800,899,2026-09-26,AES São Bernado,,CAT,,retorno_cliente,,Retorno de cliente,,,,
1801,851,2026-09-27,CAT,,Hospital Geral de Arraial,,saida_cliente,,Envio para cliente,,,,
1802,706,2026-09-27,CAT,,Hospital Geral de Arraial - Teste Ergometrico,,saida_cliente,,Envio para cliente,,,,
1803,806,2026-09-27,CAT,,Hospital Geral de Arraial - Raio x,,saida_cliente,,Envio para cliente,,,,
1804,900,2026-09-29,Hospital Geral de Arraial - Teste Ergometrico,,CAT,,retorno_cliente,,Retorno de cliente,,,,
1805,901,2026-09-29,Hospital Geral de Arraial - Raio x,,CAT,,retorno_cliente,,Retorno de cliente,,,,
1806,902,2026-09-29,Hospital Geral de Arraial,,CAT,,retorno_cliente,,Retorno de cliente,,,,
1807,601,2026-09-29,CAT,,PQ Novo Sto Amaro,,saida_cliente,,Envio para cliente,,,,
1808,903,2026-09-29,PQ Novo Sto Amaro,,CAT,,retorno_cliente,,Retorno de cliente,,,,
1809,533,2026-09-30,CAT,,Centro de Exames da Mulher,,saida_cliente,,Envio para cliente,,,,
1810,600,2026-09-30,Centro de Exames da Mulher,,CAT,,retorno_cliente,,Retorno de cliente,,,,
1811,904,2026-10-06,CAT,,Porsche Naçoes Unidas,,saida_cliente,,Envio para cliente,,,,
1812,648,2026-10-06,Humana Ibirapuera,,R10,,envio_manutencao,,Envio para manutenção,,,,
1813,856,2026-10-06,CAT,,Humana Ibirapuera,,saida_cliente,,Envio para cliente,,,,
1814,670,2026-10-06,Porsche Naçoes Unidas,,CAT,,retorno_cliente,,Retorno de cliente,,,,
1815,905,2026-10-15,HM Itu,,CAT,,retorno_cliente,,Retorno de cliente,,,,
1816,906,2026-10-15,CAT,,HM Itu,,saida_cliente,,Envio para cliente,,,,
1817,596,2026-10-17,CAT,,Hosp Irmã Dulce  Praia Grande 4ID,,saida_cliente,,Envio para cliente,,,,
1818,899,2026-10-17,AES São Bernado,,Hosp Bertioga 4ID,,saida_cliente,,Envio para cliente,,,,
1819,888,2026-10-17,CAT,,CDI - Suzano 4ID,,saida_cliente,,Envio para cliente,,,,
1820,907,2026-10-22,CAT,,Unidade de Saude Avançada Itaqua,,saida_cliente,,Envio para cliente,,,,
1821,519,2026-10-22,CAT,,Unidade de Saude Avançada Itaqua,,saida_cliente,,Envio para cliente,,,,
1822,673,2026-10-22,CAT,,Unidade de Saude Avançada Itaqua,,saida_cliente,,Envio para cliente,,,,
1823,513,2026-10-22,CAT,,Unidade de Saude Avançada Itaqua,,saida_cliente,,Envio para cliente,,,,
1824,908,2026-10-22,CAT,,Unidade de Saude Avançada Itaqua,,saida_cliente,,Envio para cliente,,,,
1825,909,2026-10-22,CAT,,Hosp Regional Teodoro Sampaio (Comp de apoio),,saida_cliente,,Envio para cliente,,,,
1826,910,2026-10-22,CAT,,Hosp Regional Teodoro Sampaio (Servidor ),,saida_cliente,,Envio para cliente,,,,
1827,911,2026-10-22,CAT,,Hosp Regional Teodoro Sampaio (Backup),,saida_cliente,,Envio para cliente,,,,
1828,912,2026-10-27,CAT,,Samir - Espirito Santo,,saida_cliente,,Envio para cliente,,,,
1829,913,2026-10-27,CAT,,Samir - Espirito Santo,,saida_cliente,,Envio para cliente,,,,
1830,914,2026-10-27,CAT,,Samir - Espirito Santo,,saida_cliente,,Envio para cliente,,,,
1831,915,2026-10-27,CAT,,Samir - Espirito Santo,,saida_cliente,,Envio para cliente,,,,
1832,916,2026-10-29,CAT,,Ursi,,saida_cliente,,Envio para cliente,,,,
1833,632,2026-10-29,Ursi,,CAT,,retorno_cliente,,Retorno de cliente,,,,
1834,600,2026-10-30,CAT,,Juquitiba,,saida_cliente,,Envio para cliente,,,,
1835,559,2026-10-30,Juquitiba,,CAT,,retorno_cliente,,Retorno de cliente,,,,
1836,917,2026-11-04,Amparo,,CAT,,retorno_cliente,,Retorno de cliente,,,,
1837,827,2026-11-04,CAT,,HM Itu,,saida_cliente,,Envio para cliente,,,,
1838,918,2026-11-04,HM Itu,,CAT,,retorno_cliente,,Retorno de cliente,,,,
1839,919,2026-11-08,CAT,,Centro de Exames da Mulher,,saida_cliente,,Envio para cliente,,,,
1840,533,2026-11-08,Centro de Exames da Mulher,,CAT,,retorno_cliente,,Retorno de cliente,,,,
1841,547,2026-11-08,CAT,,HD MboiMirim Vera Cruz,,saida_cliente,,Envio para cliente,,,,
1842,754,2026-11-08,HD MboiMirim Vera Cruz,,CAT,,retorno_cliente,,Retorno de cliente,,,,
1843,860,2026-11-10,PQ Novo Sto Amaro,,CAT,,retorno_cliente,,Retorno de cliente,,,,
1844,726,2026-11-10,CAT,,PQ Novo Sto Amaro,,saida_cliente,,Envio para cliente,,,,
1845,920,2026-11-13,CAT,,R10,,saida_cliente,,Envio para cliente,,,,
1846,532,2026-11-18,Hosp Municipal de Araucaria,,CAT,,retorno_cliente,,Retorno de cliente,,,,
1847,824,2026-11-18,Hosp Municipal de Araucaria,,CAT,,retorno_cliente,,Retorno de cliente,,,,
1848,672,2026-11-18,Hosp Municipal de Araucaria,,CAT,,retorno_cliente,,Retorno de cliente,,,,
1849,847,2026-11-18,Hosp Municipal de Araucaria,,CAT,,retorno_cliente,,Retorno de cliente,,,,
1850,907,2026-11-24,Unidade de Saude Avançada Itaqua,,CAT,,retorno_cliente,,Retorno de cliente,,,,
1851,519,2026-11-24,Unidade de Saude Avançada Itaqua,,CAT,,retorno_cliente,,Retorno de cliente,,,,
1852,673,2026-11-24,Unidade de Saude Avançada Itaqua,,CAT,,retorno_cliente,,Retorno de cliente,,,,
1853,513,2026-11-24,Unidade de Saude Avançada Itaqua,,CAT,,retorno_cliente,,Retorno de cliente,,,,
1854,908,2026-11-24,Unidade de Saude Avançada Itaqua,,CAT,,retorno_cliente,,Retorno de cliente,,,,
1855,522,2026-11-26,CAT,,Amparo,,saida_cliente,,Envio para cliente,,,,
1856,921,2026-11-26,Amparo,,CAT,,retorno_cliente,,Retorno de cliente,,,,
1857,922,2026-11-26,CAT,,Porsche Campinas,,saida_cliente,,Envio para cliente,,,,
1858,847,2026-11-27,CAT,,HM ITU,,saida_cliente,,Envio para cliente,,,,
1859,923,2026-11-27,HM Itu,,CAT,,retorno_cliente,,Retorno de cliente,,,,
1860,922,2026-12-01,Porsche Campinas,,CAT,,retorno_cliente,,Retorno de cliente,,,,
1861,672,2026-12-01,CAT,,Porsche Campinas,,saida_cliente,,Envio para cliente,,,,
1862,881,2026-12-02,Centro de Exames da Mulher,,CAT,,retorno_cliente,,Retorno de cliente,,,,
1863,750,2026-12-02,Centro de Exames da Mulher,,CAT,,retorno_cliente,,Retorno de cliente,,,,
1864,919,2026-12-04,Centro de Exames da Mulher,,CAT,,retorno_cliente,,Retorno de cliente,,,,
1865,924,2026-12-02,CAT,,Centro de Exames da Mulher,,saida_cliente,,Envio para cliente,,,,
1866,925,2026-12-02,CAT,,Centro de Exames da Mulher,,saida_cliente,,Envio para cliente,,,,
1867,926,2026-12-02,CAT,,Centro de Exames da Mulher,,saida_cliente,,Envio para cliente,,,,
1868,905,2026-12-09,CAT,,Figeuira Grande,,saida_cliente,,Envio para cliente,,,,
1869,646,2026-12-09,Figueira Grande,,CAT,,retorno_cliente,,Retorno de cliente,,,,
1870,892,2026-12-15,CAT,,Porsche Matriz,,saida_cliente,,Envio para cliente,,,,
1871,927,2026-12-15,Porshce Matriz,,R10,,envio_manutencao,,Envio para manutenção,,,,
1872,519,2026-12-17,CAT,,Hosp Irmã Dulce 4Id (Praia Grande ),,saida_cliente,,Envio para cliente,,,,
1873,928,2026-12-17,CAT,,Pronto Socorro Central de Praia Grande,,saida_cliente,,Envio para cliente,,,,
1874,917,2026-12-17,CAT,,Pronto Socorro Central de Praia Grande,,saida_cliente,,Envio para cliente,,,,
1875,925,2026-12-19,Centro de Exames da Mulher,,CAT,,retorno_cliente,,Retorno de cliente,,,,
1876,929,2026-12-19,CAT,,Centro de Exames da Mulher,,saida_cliente,,Envio para cliente,,,,
1877,611,2026-12-24,Ama E Capão,,CAT,,retorno_cliente,,Retorno de cliente,,,,
1878,930,2026-12-24,CAT,,Ama E Capão,,saida_cliente,,Envio para cliente,,,,
1879,803,2026-01-09,"AES São Caetano  (Rua Rafael Corrêa Sampaio,361)",,CAT,,retorno_cliente,,Retorno de cliente,,,,
1880,533,2026-01-09,CAT,,"AES São Caetano  (Rua Rafael Corrêa Sampaio,361)",,saida_cliente,,Envio para cliente,,,,
1881,925,2026-01-19,CAT,,Mercadão de Mongagua,,saida_cliente,,Envio para cliente,,,,
1882,790,2026-01-19,Mercadão de Mongagua,,CAT,,retorno_cliente,,Retorno de cliente,,,,
1883,636,2026-01-27,Santa Casa de São Roque,,CAT,,retorno_cliente,,Retorno de cliente,,,,
1884,931,2026-01-27,CAT,,Santa Casa de São Roque,,saida_cliente,,Envio para cliente,,,,
1885,532,2026-01-28,CAT,,Hosp Paulo de Frontin (P),,saida_cliente,,Envio para cliente,,,,
1886,750,2026-01-28,CAT,,Hosp Paulo de Frontin,,saida_cliente,,Envio para cliente,,,,
1887,932,2026-01-28,CAT,,Hospital do Homem,,saida_cliente,,Envio para cliente,,,,
1888,907,2026-01-28,CAT,,Hospital Geral de Arraial do Cabo,,saida_cliente,,Envio para cliente,,,,
1889,849,2026-02-02,CAT,,Upa Dona Rosa (Americana),,saida_cliente,,Envio para cliente,,,,
1890,577,2026-02-02,Upa Dona Rosa (Americana),,CAT,,retorno_cliente,,Retorno de cliente,,,,
1891,767,2026-02-03,CAT,,Atix,,saida_cliente,,Envio para cliente,,,,
1892,857,2026-02-03,Atix,,CAT,,retorno_cliente,,Retorno de cliente,,,,
1893,860,2026-02-06,PQ Novo Sto Amaro,,CAT,,retorno_cliente,,Retorno de cliente,,,,
1894,757,2026-02-06,CAT,,PQ Novo Sto Amaro,,saida_cliente,,Envio para cliente,,,,
1895,809,2026-01-28,Hospital do Homem RJ,,CAT,,retorno_cliente,,Retorno de cliente,,,,
1896,667,2026-01-28,Paulo de Frontin,,CAT,,retorno_cliente,,Retorno de cliente,,,,
1897,933,2026-01-28,Hospital Geral de Arraial,,CAT,,retorno_cliente,,Retorno de cliente,,,,
1898,666,2026-01-28,Paulo de Frontin,,CAT,,retorno_cliente,,Retorno de cliente,,,,
1899,934,2026-02-02,CAT,,Mercadão de Praia Grande,,saida_cliente,,Envio para cliente,,,,
1900,518,2026-02-20,Humana Pompeia,,CAT,,retorno_cliente,,Retorno de cliente,,,,
1901,837,2026-02-20,CAT,,Humana Pompeia,,saida_cliente,,Envio para cliente,,,,
1902,726,2026-03-02,CAT,,Complexo de Saúde Dr. Antonio João Abdalla ( Cajamar),,saida_cliente,,Envio para cliente,,,,
1903,880,2026-03-02,Complexo de Saúde Dr. Antonio João Abdalla ( Cajamar),,CAT,,retorno_cliente,,Retorno de cliente,,,,
1904,935,2026-03-04,CAT,,AES São Bernado,,saida_cliente,,Envio para cliente,,,,
1905,936,2026-03-05,CAT,,Francisco Morato,,saida_cliente,,Envio para cliente,,,,
1906,828,2026-03-05,Francisco Morato,,CAT,,retorno_cliente,,Retorno de cliente,,,,
1907,937,2026-03-06,CAT,,Deposito,,entrada_estoque,,Entrada equipamento,,,,
1908,938,2026-03-11,CAT,,AES São Bernado,,saida_cliente,,Envio para cliente,,,,
1909,935,2026-03-11,AES São Bernado,,CAT,,retorno_cliente,,Retorno de cliente,,,,
1910,939,2026-03-20,CAT,,Porsche Naçoes Unidas,,saida_cliente,,Envio para cliente,,,,
1911,940,2026-03-20,Porsche Naçoes Unidas,,CAT,,retorno_cliente,,Retorno de cliente,,,,
1912,636,2026-03-23,CAT,,Vilhena (P),,saida_cliente,,Envio para cliente,,,,
1913,828,2026-03-23,CAT,,Vilhena (B),,saida_cliente,,Envio para cliente,,,,
1914,513,2026-03-25,CAT,,Ama E Capão,,saida_cliente,,Envio para cliente,,,,
1915,941,2026-03-25,Ama E Capão,,CAT,,retorno_cliente,,Retorno de cliente,,,,
1916,523,2026-03-26,CAT,,Porsche Matriz,,saida_cliente,,Envio para cliente,,,,
1917,638,2026-03-26,Porsche Matriz,,R10,,retorno_cliente,,Retorno de cliente,,,,
1918,942,2026-03-26,CAT,,Mercadão de Santos,,saida_cliente,,Envio para cliente,,,,
1919,943,2026-03-26,Mercadão de Santos,,CAT,,retorno_cliente,,Retorno de cliente,,,,
1920,944,2026-03-27,CAT,,Humana Ibirapuera,,saida_cliente,,Envio para cliente,,,,
1921,945,2026-03-27,Humana Ibirapuera,,R10,,retorno_cliente,,Retorno de cliente,,,,
1922,584,2026-03-30,CAT,,Ama Joamar 4ID,,saida_cliente,,Envio para cliente,,,,
1923,946,2026-04-02,CAT,,Humana Ibirapuera,,saida_cliente,,Envio para cliente,,,,
1924,794,2026-04-02,Humana Ibirapuera,,CAT,,retorno_cliente,,Retorno de cliente,,,,
1925,947,2026-04-09,CAT,,Hospital de Arraial,,saida_cliente,,Envio para cliente,,,,
1926,948,2026-04-09,Hospital de Arraial,,CAT,,retorno_cliente,,Retorno de cliente,,,,
1927,673,2026-04-10,CAT,,Hosp de Cachoeira de macacu (P),,saida_cliente,,Envio para cliente,,,,
1928,908,2026-04-10,CAT,,Hosp de Cachoeira de macacu (B),,saida_cliente,,Envio para cliente,,,,
1929,949,2026-04-10,Hosp Cachoeira de Macacu,,R10,,retorno_cliente,,Retorno de cliente,,,,
1930,518,2026-04-13,CAT,,Complexo de Saúde Dr. Antonio João Abdalla ( Cajamar),,saida_cliente,,Envio para cliente,,,,
1931,726,2026-04-13,Complexo de Saúde Dr. Antonio João Abdalla ( Cajamar),,CAT,,retorno_cliente,,Retorno de cliente,,,,
1932,660,2026-04-15,AES São Bernado,,CAT,,retorno_cliente,,Retorno de cliente,,,,
1933,950,2026-04-15,CAT,,AES São Bernado,,saida_cliente,,Envio para cliente,,,,
1934,951,2026-04-24,CAT,,Hospital Nazaré Saquarema,,saida_cliente,,Envio para cliente,,,,
1935,952,2026-11-08,Humana Verbo Divino,,CAT,,retorno_cliente,,Retorno de cliente,,,,
1936,953,2026-05-08,CAT,,Humana Verbo Divino,,saida_cliente,,Envio para cliente,,,,
1937,954,2026-05-11,CAT,,Mercadão Itanhaem,,saida_cliente,,Envio para cliente,,,,
1938,571,2026-05-11,Mercadão Itanhaem,,R10,,retorno_cliente,,Retorno de cliente,,,,
1939,934,2026-05-14,Mercadão Praia Grande,,CAT,,retorno_cliente,,Retorno de cliente,,,,
1940,948,2026-05-14,CAT,,Mercadão Praia Grande,,saida_cliente,,Envio para cliente,,,,
1941,955,2026-05-14,CAT,,Samir - Itapevi,,saida_cliente,,Envio para cliente,,,,
1942,956,2026-05-14,CAT,,Samir - Itapevi,,saida_cliente,,Envio para cliente,,,,
1943,957,2026-05-14,CAT,,Samir - Itapevi,,saida_cliente,,Envio para cliente,,,,
1944,890,2026-05-16,Juquitiba,,CAT,,retorno_cliente,,Retorno de cliente,,,,
1945,600,2026-05-16,Juquitiba,,CAT,,retorno_cliente,,Retorno de cliente,,,,
1946,919,2026-05-16,CAT,,Juquitiba,,saida_cliente,,Envio para cliente,,,,
1947,577,2026-05-16,CAT,,Juquitiba,,saida_cliente,,Envio para cliente,,,,
1948,949,2026-05-19,CAT,,Samir - Cachoeira Paulista,,saida_cliente,,Envio para cliente,,,,
1949,958,2026-05-22,CAT,,Mercadão Praia Grande,,saida_cliente,,Envio para cliente,,,,
1950,959,2026-05-22,Mercadão Praia Grande,,CAT,,retorno_cliente,,Retorno de cliente,,,,
1951,960,2026-05-25,AES Matriz,,CAT,,retorno_cliente,,Retorno de cliente,,,,
1952,660,2026-05-25,CAT,,AES Matriz,,saida_cliente,,Envio para cliente,,,,
1953,961,2026-05-26,CAT,,Samir - Cachoeira Paulista  RX,,saida_cliente,,Envio para cliente,,,,
1954,962,2026-05-26,CAT,,Samir - Cachoeira Paulista  Laudo,,saida_cliente,,Envio para cliente,,,,
1955,963,2026-05-26,CAT,,Samir - Cachoeira Paulista  Backup,,saida_cliente,,Envio para cliente,,,,
1956,948,2026-06-03,CAT,,Hospital Geral de Arraial do Cabo,,saida_cliente,,Envio para cliente,,,,
1957,964,2026-06-03,Hospital Geral de Arraial do Cabo,,CAT,,retorno_cliente,,Retorno de cliente,,,,
1958,965,2026-06-03,CAT,,Porsche Naçoes Unidas,,saida_cliente,,Envio para cliente,,,,
1959,611,2026-06-04,CAT,,Ama Capela,,saida_cliente,,Envio para cliente,,,,
1960,966,2026-06-04,Ama Capela,,CAT,,retorno_cliente,,Retorno de cliente,,,,
1961,670,2026-05-05,CAT,,Porsche Matriz,,saida_cliente,,Envio para cliente,,,,
1962,517,2026-05-05,Porsche Matriz,,CAT,,retorno_cliente,,Retorno de cliente,,,,
1963,934,2026-06-05,CAT,,Mercadão Enseada,,saida_cliente,,Envio para cliente,,,,
1964,967,2026-06-05,Mercadão Enseada,,CAT,,retorno_cliente,,Retorno de cliente,,,,
1965,512,DATA,LOCAL COLETA,,LOCAL ATUAL,,transferencia,,MOVIMENTO,,,,
1966,968,2026-06-15,,,CAT,,transferencia,,,,,,
1967,969,2026-06-15,,,CAT,,transferencia,,,,,,
1968,970,2026-06-15,,,CAT,,transferencia,,,,,,
1969,971,2026-06-15,,,CAT,,transferencia,,,,,,
1970,972,2026-06-15,,,CAT,,transferencia,,,,,,
1971,973,2026-06-15,,,CAT,,transferencia,,,,,,
1972,974,2026-06-15,,,CAT,,transferencia,,,,,,
1973,975,2026-06-15,,,CAT,,transferencia,,,,,,
1974,976,2026-06-15,,,CAT,,transferencia,,,,,,
1975,977,2026-06-15,,,CAT,,transferencia,,,,,,
1976,978,2026-06-15,,,CAT,,transferencia,,,,,,
1977,979,2026-06-15,,,CAT,,transferencia,,,,,,
1978,980,2026-06-15,,,CAT,,transferencia,,,,,,
1979,981,2026-06-15,,,CAT,,transferencia,,,,,,
1980,982,2026-06-15,,,CAT,,transferencia,,,,,,
1981,983,2026-06-15,,,CAT,,transferencia,,,,,,
1982,984,2026-06-22,Mario Covas,,CAT,,retorno_cliente,,Retorno de cliente,,,,
1983,985,2026-06-23,Adm - 4ID,,CAT,,retorno_cliente,,Retorno de cliente,,,,
1984,986,2026-06-27,CAT,,P.A Macedonia,,saida_cliente,,Envio para cliente,,,,
1985,987,2026-06-27,P.A Macedonia,,CAT,,retorno_cliente,,Retorno de cliente,,,,
1986,969,2026-07-03,CAT,,HISA,,saida_cliente,,Envio para cliente,,,,
1987,988,2026-07-03,HISA,,CAT,,retorno_cliente,,Retorno de cliente,,,,
1988,989,2026-07-18,Hosp de Cachoeira de Macacu,,CAT,,retorno_cliente,,Retorno de cliente,,,,
1989,990,2026-08-17,CAT,,Vera Cruz - Sala nova de Rx,,saida_cliente,,Envio para cliente,,,,
1990,991,2026-08-16,Pq Novo Sto Amaro,,CAT,,retorno_cliente,,Retorno de cliente,,,,
1991,992,2026-08-16,CAT,,Pq Novo Sto Amaro,,saida_cliente,,Envio para cliente,,,,
1992,993,2026-09-28,Upa Jordanesia,,Ama Prates - consultorio 2,,saida_cliente,,Envio para cliente,,,,
1993,994,2026-08-28,Upa Jordanesia,,P.S Barra Funda,,retorno_cliente,,Retorno de cliente,,,,
1994,995,2026-08-28,Upa Jordanesia,,P.S Barra Funda,,retorno_cliente,,Retorno de cliente,,,,
1995,996,2026-08-28,Upa Jordanesia,,P.S Barra Funda,,retorno_cliente,,Retorno de cliente,,,,
1996,997,2026-08-29,Pq Fernanda,,CAT,,retorno_cliente,,Retorno de cliente,,,,
1997,998,2026-08-29,CAT,,Pq Fernanda,,saida_cliente,,Envio para cliente,,,,
1998,984,2026-09-28,CAT,,Ama Prates - Pacs,,saida_cliente,,Envio para cliente,,,,
1999,987,2026-09-28,CAT,,Ama Prates - consultorio 1,,saida_cliente,,Envio para cliente,,,,
2000,999,2026-09-06,CAT,,Amparo,,saida_cliente,,Envio para cliente,,,,
2001,1000,2026-09-06,Amparo,,CAT,,retorno_cliente,,Retorno de cliente,,,,
2002,1001,2026-09-11,CAT,,Samir - Guarulhos HMU,,saida_cliente,,Envio para cliente,,,,
2003,1002,2026-09-10,CAT,,RD,,saida_cliente,,Envio para cliente,,,,
2004,970,2026-09-10,CAT,,CAT,,transferencia,,,,,,
2005,989,2026-09-10,CAT,,RD - Hosp da Criança e ado. GRU,,saida_cliente,,Envio para cliente,,,,
2006,1003,2026-09-13,CAT,,Ama Capão,,saida_cliente,,Envio para cliente,,,,
2007,1004,2026-09-13,Ama Capão,,CAT,,retorno_cliente,,Retorno de cliente,,,,
2008,1005,2026-09-13,CAT,,JD Angela,,saida_cliente,,Envio para cliente,,,,
2009,1006,2026-09-13,JD Angela,,CAT,,retorno_cliente,,Retorno de cliente,,,,
2010,1007,2026-09-19,Chacara Santana,,CAT,,retorno_cliente,,Retorno de cliente,,,,
2011,1008,2026-09-19,CAT,,Chacara Santana,,saida_cliente,,Envio para cliente,,,,
2012,1006,2026-09-26,CAT,,RD - Hosp da Criança e ado. GRU,,saida_cliente,,Envio para cliente,,,,
2013,1009,2026-09-28,CAT,,Americana,,saida_cliente,,Envio para cliente,,,,
2014,1010,2026-10-09,JD Herculano,,CAT,,retorno_cliente,,Retorno de cliente,,,,
2015,970,2026-10-27,CAT,,Saquarema - Samir,,saida_cliente,,Envio para cliente,,,,
2016,1011,2026-10-27,CAT,,Saquarema - Samir,,saida_cliente,,Envio para cliente,,,,
2017,997,2026-11-03,CAT,,Vila Dirce,,saida_cliente,,Envio para cliente,,,,
2018,1012,2026-11-08,3 Lagoas,,CAT,,retorno_cliente,,Retorno de cliente,,,,
2019,1013,2026-11-08,3 Lagoas,,CAT,,retorno_cliente,,Retorno de cliente,,,,
2020,997,2026-11-17,Vila Dirce,,CAT,,retorno_cliente,,Retorno de cliente,,,,
2021,1004,2026-11-17,CAT,,Vila Dirce,,saida_cliente,,Envio para cliente,,,,
2022,1014,2026-11-21,CAT,,Samir - Espirito Santo,,saida_cliente,,Envio para cliente,,,,
2023,1015,2026-12-21,Cajamar,,CAT,,retorno_cliente,,Retorno de cliente,,,,
2024,1016,2026-12-21,Galpão Samir,,CAT,,retorno_cliente,,Retorno de cliente,,,,
2025,1017,2026-12-21,Galpão Samir,,CAT,,retorno_cliente,,Retorno de cliente,,,,
2026,1011,2026-01-19,CAT,,Hosp Nelson Sales US - RJ,,saida_cliente,,Envio para cliente,,,,
2027,1017,2026-01-29,CAT,,AES - Capela do socorro,,saida_cliente,,Envio para cliente,,,,
2028,1017,2026-04-03,AES - Capela do socorro,,CAT,,retorno_cliente,,Retorno de cliente,,,,
2029,1017,2026-04-03,CAT,,URSI Santana/Jaçanã Samir,,saida_cliente,,Envio para cliente,,,,
2030,1018,2026-04-03,CAT,,URSI Santana/Jaçanã Samir,,saida_cliente,,Envio para cliente,,,,
2031,1019,2026-05-27,CAT,,Hora Certa Campo Limpo,,saida_cliente,,Envio para cliente,,,,
2032,1020,2026-08-07,CAT,,Aes São Bernado Clinica RR,,saida_cliente,,Envio para cliente,,,,
2033,968,2026-09-19,CAT,,Hosp Dia São Matheus AES,,saida_cliente,,Envio para cliente,,,,
2034,904,2026-06-16,Porsche Naçoes Unidas,Porsche Naçoes Unidas,RENCH - Estoque,RENCH - Estoque,retorno_cliente,Kaio,"equipamento apresentando atolamento, algumas vezes durante o dia ",,,,
2035,513,2026-06-11,Ama E Capão,Ama E Capão,RENCH - Estoque,RENCH - Estoque,retorno_cliente,Kaio,Contador 48279 ,,,,
2036,1021,2026-06-19,RENCH - Estoque,RENCH - Estoque,Mercadão Itanhaem,Mercadão Itanhaem,saida_cliente,Kaio,Contador na data da movimentação: C: 14378 / M: 1124,,,,
2037,954,2026-06-19,Mercadão Itanhaem,Mercadão Itanhaem,RENCH - Estoque,RENCH - Estoque,retorno_cliente,Kaio,Impressora voltando do cliente devido apresentar o erro 980 ,,,,
